0001_439648413.jpg,4,0516_2169132044.jpg,0083_67244698.jpg,0077_274703788.jpg,0274_2060984650.jpg,0089_363385992.jpg,0022_298253000.jpg,0334_65125348.jpg,0205_1594707791.jpg,0244_415650547.jpg,0272_54758871.jpg,0566_106407105.jpg,0407_2309720791.jpg,0035_1187049547.jpg,0036_299041166.jpg,0286_429357269.jpg,0071_347095105.jpg
0002_40821302.jpg,0,0301_392237148.jpg,0477_102516460.jpg,0240_378548586.jpg,0535_2128340941.jpg,0370_127145895.jpg,0080_2299350671.jpg,0227_320536625.jpg,0349_2612320848.jpg,0211_828246144.jpg,0494_2118590998.jpg,0402_303958692.jpg,0558_97139727.jpg,0463_373083437.jpg,0220_328871623.jpg,0293_143285799.jpg,0552_900057489.jpg
0004_705808835.jpg,3,0410_2344190178.jpg,0262_499393762.jpg,0491_314386607.jpg,0294_278699523.jpg,0313_2540924421.jpg,0395_329569496.jpg,0316_368636145.jpg,0062_2187039102.jpg,0544_1750408159.jpg,0395_250551125.jpg,0345_308817587.jpg,0393_369299514.jpg,0062_378569882.jpg,0284_2459082001.jpg,0377_399413337.jpg,0211_2148714622.jpg
0013_2023859855.jpg,4,0516_2169132044.jpg,0035_1187049547.jpg,0228_443487926.jpg,0310_320392211.jpg,0205_1594707791.jpg,0407_2309720791.jpg,0498_2515009456.jpg,0334_65125348.jpg,0551_2083026365.jpg,0246_147474762.jpg,0412_46922952.jpg,0482_460416306.jpg,0311_2242038525.jpg,0017_210986563.jpg,0430_293289453.jpg,0083_67244698.jpg
0014_124403282.jpg,1,0050_23783182.jpg,0093_1032501845.jpg,0056_523072803.jpg,0474_1433984858.jpg,0307_1342433369.jpg,0544_2582664183.jpg,0566_106407105.jpg,0554_2544958872.jpg,0034_115229818.jpg,0212_328871690.jpg,0407_2309720791.jpg,0412_64438599.jpg,0419_2647749521.jpg,0027_2182667104.jpg,0221_2334043538.jpg,0390_2498171005.jpg
0019_2143305273.jpg,1,0458_581745160.jpg,0265_699634902.jpg,0554_2538431592.jpg,0365_161541596.jpg,0275_2433657494.jpg,0204_255130101.jpg,0535_900148540.jpg,0521_32888419.jpg,0097_451053971.jpg,0338_1774674163.jpg,0013_237187436.jpg,0090_2078259391.jpg,0210_31930011.jpg,0316_208573336.jpg,0530_886432445.jpg,0090_319623750.jpg
0020_119803472.jpg,7,0449_200643400.jpg,0030_1091560018.jpg,0057_308442203.jpg,0246_147474762.jpg,0492_1195535037.jpg,0062_2187039102.jpg,0507_870995842.jpg,0588_126159701.jpg,0551_2083026365.jpg,0302_1231545997.jpg,0436_2468198140.jpg,0334_65125348.jpg,0035_1187049547.jpg,0524_303641730.jpg,0520_2513112623.jpg,0410_2344190178.jpg
0021_1425726583.jpg,1,0029_396245965.jpg,0070_178243628.jpg,0556_213049164.jpg,0071_347095105.jpg,0472_484230894.jpg,0077_274703788.jpg,0566_106407105.jpg,0481_2365324926.jpg,0051_209779652.jpg,0042_371432847.jpg,0008_1072834393.jpg,0390_2498171005.jpg,0034_115229818.jpg,0320_305644365.jpg,0407_2309720791.jpg,0020_386347744.jpg
0026_255236107.jpg,5,0482_460416306.jpg,0441_963509305.jpg,0516_2551576402.jpg,0436_2468198140.jpg,0406_1711094056.jpg,0088_2050707490.jpg,0082_493359463.jpg,0050_2074831886.jpg,0217_147442069.jpg,0566_433784888.jpg,0205_1594707791.jpg,0022_468395542.jpg,0086_109782504.jpg,0448_789871868.jpg,0553_1234547804.jpg,0094_2450852731.jpg
0511_2429211577.jpg,0,0431_1115019810.jpg,0041_378174827.jpg,0076_67044764.jpg,0470_111122287.jpg,0440_462262106.jpg,0535_900148540.jpg,0082_376467394.jpg,0503_534610382.jpg,0204_255130101.jpg,0097_451053971.jpg,0048_827411295.jpg,0090_2078259391.jpg,0092_1439260577.jpg,0090_319623750.jpg,0515_231909625.jpg,0338_1774674163.jpg
0005_258370701.jpg,0,0071_2363465757.jpg,0299_6069270.jpg,0552_131922555.jpg,0492_2172630521.jpg,0583_197797500.jpg,0577_305016660.jpg,0483_2230861211.jpg,0535_2128340941.jpg,0301_392237148.jpg,0347_309733153.jpg,0041_378174827.jpg,0097_2398565185.jpg,0370_127145895.jpg,0089_388655428.jpg,0085_2252697794.jpg,0006_389068675.jpg
0010_1450060035.jpg,0,0034_365734438.jpg,0407_2309720791.jpg,0245_557160561.jpg,0334_65125348.jpg,0373_123885782.jpg,0091_2272410484.jpg,0205_612573315.jpg,0092_1439260577.jpg,0492_500779259.jpg,0035_411877982.jpg,0088_2050707490.jpg,0306_2719405477.jpg,0503_2572820548.jpg,0521_1479083954.jpg,0203_384946567.jpg,0274_345259431.jpg
0011_254730819.jpg,2,0603_2122088731.jpg,0533_391279988.jpg,0029_2657866587.jpg,0353_262503661.jpg,0535_900148540.jpg,0446_1332200459.jpg,0090_319623750.jpg,0316_208573336.jpg,0204_255130101.jpg,0097_451053971.jpg,0395_250551125.jpg,0090_2078259391.jpg,0338_1774674163.jpg,0013_237187436.jpg,0316_368636145.jpg,0440_462262106.jpg
0012_662830397.jpg,3,0240_378548586.jpg,0402_303958692.jpg,0018_368716755.jpg,0477_102516460.jpg,0454_176397575.jpg,0002_447459573.jpg,0318_424213063.jpg,0080_2299350671.jpg,0227_320536625.jpg,0220_328871623.jpg,0503_2441078148.jpg,0301_392237148.jpg,0259_407236030.jpg,0327_258121786.jpg,0034_308877300.jpg,0069_2085036913.jpg
0013_1875954123.jpg,2,0368_2295419391.jpg,0457_2130369898.jpg,0245_435492157.jpg,0035_404597353.jpg,0093_1032501845.jpg,0460_271700056.jpg,0281_2509246883.jpg,0063_75362215.jpg,0056_523072803.jpg,0022_298253000.jpg,0032_356445281.jpg,0579_507306459.jpg,0229_2130448120.jpg,0388_341244792.jpg,0572_2258635367.jpg,0227_2071140892.jpg
0014_899335814.jpg,1,0333_1520473493.jpg,0529_255267653.jpg,0340_2304543984.jpg,0534_2307419856.jpg,0073_267057696.jpg,0281_2386220256.jpg,0396_184013010.jpg,0263_216075894.jpg,0280_116843170.jpg,0593_69209355.jpg,0550_61389171.jpg,0094_396718601.jpg,0306_2719405477.jpg,0373_397938412.jpg,0515_2440990274.jpg,0298_2115133686.jpg
0015_2216435910.jpg,3,0076_67044764.jpg,0204_255130101.jpg,0090_2078259391.jpg,0535_900148540.jpg,0090_319623750.jpg,0097_451053971.jpg,0338_1774674163.jpg,0440_462262106.jpg,0013_237187436.jpg,0414_261633213.jpg,0072_392167241.jpg,0316_208573336.jpg,0315_2202722843.jpg,0056_2470782800.jpg,0545_2188588517.jpg,0349_2612320848.jpg
0016_2065016987.jpg,1,0596_102415471.jpg,0031_308061158.jpg,0276_150199454.jpg,0531_503493316.jpg,0089_363385992.jpg,0254_1244907552.jpg,0547_2524771887.jpg,0211_2396409713.jpg,0516_2551576402.jpg,0204_149041905.jpg,0593_2318524565.jpg,0210_2256877298.jpg,0440_235679304.jpg,0088_2050707490.jpg,0439_14476790.jpg,0310_320392211.jpg
0017_2279700323.jpg,1,0010_231649733.jpg,0560_799781099.jpg,0204_627185937.jpg,0521_1479083954.jpg,0579_507306459.jpg,0373_123885782.jpg,0274_2060984650.jpg,0203_384946567.jpg,0533_403413476.jpg,0245_557160561.jpg,0448_789871868.jpg,0205_612573315.jpg,0516_2169132044.jpg,0336_279901453.jpg,0431_2083270633.jpg,0071_347095105.jpg
0544_1000119801.jpg,4,0033_1033877706.jpg,0213_2417364557.jpg,0421_198501522.jpg,0231_1398322061.jpg,0566_317585307.jpg,0558_408827835.jpg,0243_2549785767.jpg,0336_279901453.jpg,0573_2386537657.jpg,0331_475320275.jpg,0031_308061158.jpg,0081_265794768.jpg,0106_2551436758.jpg,0032_509095114.jpg,0443_2621791760.jpg,0203_384946567.jpg
0005_2744401526.jpg,3,0402_462937706.jpg,0307_1342433369.jpg,0405_107725702.jpg,0528_396057596.jpg,0360_303724875.jpg,0235_330818956.jpg,0310_320392211.jpg,0080_299250987.jpg,0311_746663724.jpg,0238_322451288.jpg,0082_376467394.jpg,0382_2515499488.jpg,0239_2406529566.jpg,0058_593117777.jpg,0272_2172093115.jpg,0030_370564052.jpg
0008_206247870.jpg,0,0093_1032501845.jpg,0056_523072803.jpg,0307_1342433369.jpg,0050_23783182.jpg,0027_2182667104.jpg,0360_303724875.jpg,0082_376467394.jpg,0405_107725702.jpg,0235_330818956.jpg,0553_1234547804.jpg,0505_304910084.jpg,0488_1279855380.jpg,0238_322451288.jpg,0281_2509246883.jpg,0484_314719681.jpg,0566_106407105.jpg
0011_408532292.jpg,1,0535_900148540.jpg,0097_451053971.jpg,0204_255130101.jpg,0338_1774674163.jpg,0011_2271948699.jpg,0316_208573336.jpg,0013_237187436.jpg,0090_2078259391.jpg,0503_534610382.jpg,0565_471169878.jpg,0090_319623750.jpg,0082_376467394.jpg,0377_399413337.jpg,0056_2470782800.jpg,0317_55329705.jpg,0549_307392445.jpg
0030_436668732.jpg,1,0446_1332200459.jpg,0090_319623750.jpg,0377_399413337.jpg,0086_109782504.jpg,0204_255130101.jpg,0535_900148540.jpg,0090_2078259391.jpg,0076_67044764.jpg,0097_451053971.jpg,0338_1774674163.jpg,0440_462262106.jpg,0316_208573336.jpg,0029_2657866587.jpg,0393_369299514.jpg,0013_237187436.jpg,0492_500779259.jpg
0032_432194779.jpg,8,0209_5874489.jpg,0311_746663724.jpg,0242_144135572.jpg,0530_1441852850.jpg,0296_8505313.jpg,0367_61524634.jpg,0320_305644365.jpg,0037_2219556511.jpg,0352_1069120304.jpg,0561_149540971.jpg,0412_64438599.jpg,0323_299051887.jpg,0219_330720892.jpg,0382_2515499488.jpg,0305_2346049207.jpg,0220_93220430.jpg
0036_134329985.jpg,1,0529_1949964974.jpg,0201_2417333834.jpg,0505_97938792.jpg,0402_145786038.jpg,0510_1313183888.jpg,0056_2576774243.jpg,0320_1880774511.jpg,0548_373623319.jpg,0273_2088138529.jpg,0249_64279610.jpg,0052_2327250885.jpg,0009_6481762.jpg,0351_2332302179.jpg,0312_376416150.jpg,0256_11029110.jpg,0084_2240602720.jpg
0054_2564958708.jpg,5,0528_396057596.jpg,0037_2219556511.jpg,0360_303724875.jpg,0235_330818956.jpg,0382_2515499488.jpg,0402_462937706.jpg,0307_1342433369.jpg,0311_746663724.jpg,0082_376467394.jpg,0505_304910084.jpg,0323_299051887.jpg,0412_64438599.jpg,0405_107725702.jpg,0238_322451288.jpg,0565_471169878.jpg,0096_765599303.jpg
0586_1579962180.jpg,3,0227_320536625.jpg,0520_393786737.jpg,0299_2436697942.jpg,0433_2543133441.jpg,0085_1433846907.jpg,0293_143285799.jpg,0240_378548586.jpg,0072_392167241.jpg,0494_2118590998.jpg,0558_97139727.jpg,0472_712455170.jpg,0080_2299350671.jpg,0028_387314722.jpg,0305_2346049207.jpg,0366_7100624.jpg,0001_389068663.jpg
0591_101390167.jpg,4,0242_144135572.jpg,0412_64438599.jpg,0220_93220430.jpg,0305_2346049207.jpg,0367_61524634.jpg,0259_2205482938.jpg,0296_8505313.jpg,0219_330720892.jpg,0058_593117777.jpg,0323_299051887.jpg,0526_480371427.jpg,0387_114988685.jpg,0209_5874489.jpg,0331_27311428.jpg,0037_2219556511.jpg,0078_38865253.jpg
0594_2309034355.jpg,3,0036_299041166.jpg,0042_371432847.jpg,0030_2073953208.jpg,0348_2483149392.jpg,0530_1441852850.jpg,0058_55043995.jpg,0023_664494180.jpg,0077_274703788.jpg,0225_313813778.jpg,0071_347095105.jpg,0341_859276648.jpg,0566_106407105.jpg,0516_2169132044.jpg,0020_2312863941.jpg,0390_2498171005.jpg,0067_2286202620.jpg
0001_127194972.jpg,0,0008_1937292659.jpg,0629_230371538.jpg,0373_127145357.jpg,0327_258121786.jpg,0563_498736324.jpg,0068_1064208624.jpg,0020_386347744.jpg,0028_1525308681.jpg,0382_201549066.jpg,0206_2165282953.jpg,0332_134561081.jpg,0416_1425890646.jpg,0440_235679304.jpg,0370_127145895.jpg,0402_303958692.jpg,0018_368716755.jpg
0002_44385820.jpg,3,0251_1979529530.jpg,0204_144630253.jpg,0035_2430966684.jpg,0060_2415232057.jpg,0220_468187900.jpg,0379_1417242271.jpg,0005_84655830.jpg,0091_1331542205.jpg,0358_2113028352.jpg,0531_89594514.jpg,0048_476442702.jpg,0481_229068943.jpg,0288_2342860532.jpg,0386_647827108.jpg,0449_154966605.jpg,0476_309577888.jpg
0009_345635648.jpg,1,0235_330818956.jpg,0082_376467394.jpg,0238_322451288.jpg,0307_1342433369.jpg,0096_765599303.jpg,0565_471169878.jpg,0389_432245781.jpg,0360_303724875.jpg,0528_396057596.jpg,0058_1059299865.jpg,0405_107725702.jpg,0494_450805275.jpg,0352_1069120304.jpg,0097_159739573.jpg,0417_1528584337.jpg,0262_2171977499.jpg
0011_518591731.jpg,4,0585_2692541077.jpg,0529_200450910.jpg,0458_1707223631.jpg,0011_2271948699.jpg,0091_1027301852.jpg,0245_476011707.jpg,0092_1443468963.jpg,0365_2100752433.jpg,0352_1889948201.jpg,0238_304303625.jpg,0388_2435060237.jpg,0352_2223629556.jpg,0048_71138082.jpg,0236_884266623.jpg,0418_2494868748.jpg,0342_2342911408.jpg
0016_499725562.jpg,0,0446_687143904.jpg,0019_2111187900.jpg,0089_467641296.jpg,0521_251683571.jpg,0368_2241509578.jpg,0331_475320275.jpg,0356_2570597102.jpg,0561_1591227598.jpg,0447_240869980.jpg,0519_2059182077.jpg,0530_359343091.jpg,0593_2318524565.jpg,0511_1328807936.jpg,0230_2005339781.jpg,0386_1197345701.jpg,0446_1332200459.jpg
0019_1485603126.jpg,3,0281_1489953930.jpg,0288_2342860532.jpg,0585_2692541077.jpg,0535_900148540.jpg,0082_376467394.jpg,0503_534610382.jpg,0092_1443468963.jpg,0097_451053971.jpg,0470_111122287.jpg,0204_255130101.jpg,0338_1774674163.jpg,0358_2113028352.jpg,0353_262503661.jpg,0048_71138082.jpg,0013_237187436.jpg,0011_2271948699.jpg
0023_840084501.jpg,4,0529_200450910.jpg,0203_1531335031.jpg,0091_1027301852.jpg,0458_1707223631.jpg,0251_1979529530.jpg,0365_2100752433.jpg,0418_2494868748.jpg,0005_2736069940.jpg,0585_2692541077.jpg,0358_2113028352.jpg,0204_144630253.jpg,0379_1417242271.jpg,0388_2435060237.jpg,0632_732142650.jpg,0288_2342860532.jpg,0398_233584997.jpg
0029_221001540.jpg,1,0379_1417242271.jpg,0020_1350559729.jpg,0493_2652762233.jpg,0207_1552889790.jpg,0362_2437727707.jpg,0576_164520885.jpg,0102_2746828589.jpg,0398_233584997.jpg,0055_97982661.jpg,0244_124699637.jpg,0548_339760890.jpg,0470_111122287.jpg,0016_65645647.jpg,0276_230748653.jpg,0259_123942568.jpg,0355_2327829496.jpg
0031_542317664.jpg,1,0085_1433846907.jpg,0298_112965978.jpg,0028_387314722.jpg,0071_2363465757.jpg,0256_1383077146.jpg,0073_1336938541.jpg,0366_7100624.jpg,0001_389068663.jpg,0472_712455170.jpg,0235_330818956.jpg,0240_378548586.jpg,0082_376467394.jpg,0227_320536625.jpg,0012_253993371.jpg,0072_392167241.jpg,0582_485781606.jpg
0032_1564205.jpg,4,0011_2271948699.jpg,0585_2692541077.jpg,0529_200450910.jpg,0458_1707223631.jpg,0091_1027301852.jpg,0365_2100752433.jpg,0245_476011707.jpg,0290_350164307.jpg,0392_1854672540.jpg,0388_2435060237.jpg,0092_1443468963.jpg,0352_1889948201.jpg,0275_2124171160.jpg,0353_262503661.jpg,0357_957375104.jpg,0203_1531335031.jpg
0010_1341938972.jpg,0,0301_392237148.jpg,0005_2348707486.jpg,0041_378174827.jpg,0492_2172630521.jpg,0433_2543133441.jpg,0502_117481481.jpg,0044_639067506.jpg,0060_2415232057.jpg,0005_84655830.jpg,0535_2128340941.jpg,0552_131922555.jpg,0493_698875097.jpg,0218_390133036.jpg,0097_2398565185.jpg,0494_107303895.jpg,0417_219718446.jpg
0011_181730235.jpg,0,0235_330818956.jpg,0360_303724875.jpg,0405_107725702.jpg,0034_1512615089.jpg,0082_376467394.jpg,0518_100795295.jpg,0238_322451288.jpg,0505_304910084.jpg,0370_358276060.jpg,0234_2597181585.jpg,0034_308877300.jpg,0565_471169878.jpg,0419_2314871620.jpg,0096_765599303.jpg,0058_1059299865.jpg,0080_2299350671.jpg
0013_215778708.jpg,0,0076_67044764.jpg,0090_319623750.jpg,0370_412786385.jpg,0326_2080605301.jpg,0349_2402076687.jpg,0630_1105839299.jpg,0458_581745160.jpg,0377_399413337.jpg,0357_2256478590.jpg,0275_2433657494.jpg,0048_827411295.jpg,0060_2278738277.jpg,0395_250551125.jpg,0207_429034624.jpg,0440_462262106.jpg,0204_255130101.jpg
0016_392864134.jpg,2,0269_2223616799.jpg,0063_135358119.jpg,0057_36443540.jpg,0022_2355216100.jpg,0037_61248472.jpg,0412_64438599.jpg,0263_703556747.jpg,0218_390133036.jpg,0323_299051887.jpg,0288_2342860532.jpg,0066_62415258.jpg,0425_362960502.jpg,0476_309577888.jpg,0005_84655830.jpg,0003_488456796.jpg,0068_862770109.jpg
0019_463724204.jpg,1,0097_1231601660.jpg,0024_265446043.jpg,0046_2340723703.jpg,0047_622612084.jpg,0347_309733153.jpg,0259_749300760.jpg,0097_2576471418.jpg,0583_197797500.jpg,0552_131922555.jpg,0238_508126917.jpg,0341_255096142.jpg,0401_409764588.jpg,0092_1439260577.jpg,0089_388655428.jpg,0552_2243154960.jpg,0494_107303895.jpg
0020_40997434.jpg,0,0361_1814979984.jpg,0239_2230673075.jpg,0301_392237148.jpg,0535_2128340941.jpg,0015_135096129.jpg,0211_828246144.jpg,0554_41945881.jpg,0018_368716755.jpg,0552_131922555.jpg,0551_2641697240.jpg,0370_127145895.jpg,0234_2597181585.jpg,0347_309733153.jpg,0577_305016660.jpg,0546_224762633.jpg,0573_298205908.jpg
0021_527410926.jpg,2,0039_874114329.jpg,0515_231909625.jpg,0047_466344330.jpg,0058_399659643.jpg,0067_85175647.jpg,0338_2272158218.jpg,0204_255130101.jpg,0076_67044764.jpg,0516_2551576402.jpg,0440_2275932567.jpg,0090_319623750.jpg,0085_2461786868.jpg,0238_304303625.jpg,0388_517456086.jpg,0048_376403930.jpg,0039_83047754.jpg
0023_1506088706.jpg,0,0399_802243220.jpg,0246_2396105994.jpg,0405_26712965.jpg,0044_639067506.jpg,0493_698875097.jpg,0051_1219375813.jpg,0024_265446043.jpg,0239_1452822916.jpg,0460_1218224594.jpg,0250_2739334501.jpg,0367_439285617.jpg,0097_2576471418.jpg,0601_2370954062.jpg,0251_2395271875.jpg,0356_2539101993.jpg,0096_128826595.jpg
0024_2326171673.jpg,3,0220_364899463.jpg,0568_2174074407.jpg,0247_1078115911.jpg,0239_297180167.jpg,0603_2056626221.jpg,0579_38984121.jpg,0030_1091560018.jpg,0221_2334043538.jpg,0454_50072806.jpg,0057_308442203.jpg,0455_235384615.jpg,0588_126159701.jpg,0520_2513112623.jpg,0002_376728638.jpg,0255_476694565.jpg,0533_2081523342.jpg
0026_425149092.jpg,1,0057_36443540.jpg,0412_64438599.jpg,0306_2719405477.jpg,0004_389068680.jpg,0399_2270938323.jpg,0305_2346049207.jpg,0280_116843170.jpg,0296_8505313.jpg,0066_62415258.jpg,0079_505761148.jpg,0027_2182667104.jpg,0270_2317631366.jpg,0022_43946201.jpg,0203_384946567.jpg,0291_122167448.jpg,0079_2284650359.jpg
0018_375723120.jpg,0,0064_145274946.jpg,0566_98886885.jpg,0259_407236030.jpg,0281_294263216.jpg,0028_387314722.jpg,0254_121730285.jpg,0021_311285917.jpg,0535_2128340941.jpg,0240_378548586.jpg,0251_2395271875.jpg,0262_2390777674.jpg,0041_378174827.jpg,0227_320536625.jpg,0535_900148540.jpg,0071_2363465757.jpg,0082_376467394.jpg
0087_2173846805.jpg,1,0348_2483149392.jpg,0030_2073953208.jpg,0042_371432847.jpg,0341_859276648.jpg,0036_299041166.jpg,0530_1441852850.jpg,0077_274703788.jpg,0320_305644365.jpg,0211_2233188435.jpg,0242_144135572.jpg,0020_2312863941.jpg,0008_1072834393.jpg,0399_2270938323.jpg,0352_1069120304.jpg,0573_2386537657.jpg,0667_2179869418.jpg
0089_148918077.jpg,2,0373_2401441238.jpg,0562_300202762.jpg,0438_148638038.jpg,0350_350973894.jpg,0472_2348219.jpg,0230_299250901.jpg,0327_258121786.jpg,0085_333750781.jpg,0509_154788696.jpg,0565_2412574287.jpg,0405_107725702.jpg,0463_373083437.jpg,0097_426354849.jpg,0035_22237769.jpg,0371_399031930.jpg,0091_2272410484.jpg
0094_2009349045.jpg,1,0373_127145357.jpg,0318_424213063.jpg,0532_323272913.jpg,0234_2597181585.jpg,0034_308877300.jpg,0085_333750781.jpg,0025_2205872621.jpg,0077_167497705.jpg,0405_107725702.jpg,0402_303958692.jpg,0327_258121786.jpg,0043_2225760403.jpg,0532_74257593.jpg,0562_300202762.jpg,0240_378548586.jpg,0206_2165282953.jpg
0254_2470416892.jpg,3,0086_2470419866.jpg,0001_389068663.jpg,0085_1433846907.jpg,0030_370564052.jpg,0318_424213063.jpg,0072_392167241.jpg,0474_741054175.jpg,0085_1400090573.jpg,0307_1342433369.jpg,0463_373083437.jpg,0480_14047500.jpg,0472_712455170.jpg,0505_304910084.jpg,0268_50098889.jpg,0298_112965978.jpg,0002_447459573.jpg
0352_386939086.jpg,3,0384_477624089.jpg,0625_2172920024.jpg,0230_299250901.jpg,0034_308877300.jpg,0317_494076271.jpg,0025_2205872621.jpg,0069_2085036913.jpg,0318_424213063.jpg,0077_131975834.jpg,0079_2284650359.jpg,0240_378548586.jpg,0063_100471849.jpg,0402_303958692.jpg,0482_219851944.jpg,0445_150095023.jpg,0577_5743319.jpg
0482_302778211.jpg,6,0317_65440151.jpg,0381_140045368.jpg,0515_2440990274.jpg,0431_2083270633.jpg,0578_227121621.jpg,0438_148638038.jpg,0263_352382893.jpg,0324_7154890.jpg,0073_267057696.jpg,0027_2182667104.jpg,0079_2284650359.jpg,0291_122167448.jpg,0368_2295419391.jpg,0317_494076271.jpg,0206_231647565.jpg,0037_255881773.jpg
0586_198783163.jpg,0,0213_2417364557.jpg,0033_1033877706.jpg,0204_149041905.jpg,0231_1398322061.jpg,0558_408827835.jpg,0031_308061158.jpg,0421_198501522.jpg,0573_2386537657.jpg,0019_423862738.jpg,0081_265794768.jpg,0203_384946567.jpg,0336_279901453.jpg,0531_503493316.jpg,0020_2312863941.jpg,0095_2040702662.jpg,0243_2549785767.jpg
0684_25218708.jpg,0,0096_2169503032.jpg,0482_2179087855.jpg,0335_2718215128.jpg,0034_395512010.jpg,0593_69209355.jpg,0546_310537643.jpg,0274_2060984650.jpg,0463_80032093.jpg,0075_1882016248.jpg,0010_231649733.jpg,0083_67244698.jpg,0516_2551576402.jpg,0333_1520473493.jpg,0095_2040702662.jpg,0211_2233188435.jpg,0448_789871868.jpg
0692_1214545637.jpg,6,0207_624667396.jpg,0534_2307419856.jpg,0228_1486979496.jpg,0024_2301900496.jpg,0002_447459573.jpg,0076_61124980.jpg,0025_371671989.jpg,0440_2391227310.jpg,0677_418023431.jpg,0438_148638038.jpg,0505_204459358.jpg,0689_304166232.jpg,0429_153438272.jpg,0234_1906662004.jpg,0318_2093806525.jpg,0246_326773480.jpg
0008_830575550.jpg,1,0077_167497705.jpg,0259_407236030.jpg,0445_399852251.jpg,0373_127145357.jpg,0281_294263216.jpg,0043_2225760403.jpg,0206_2165282953.jpg,0085_333750781.jpg,0311_306945126.jpg,0475_513472967.jpg,0532_74257593.jpg,0025_2205872621.jpg,0002_376728638.jpg,0239_2230673075.jpg,0573_298205908.jpg,0327_258121786.jpg
0018_298719078.jpg,0,0462_176221473.jpg,0019_283448259.jpg,0405_107725702.jpg,0097_451053971.jpg,0090_2078259391.jpg,0013_237187436.jpg,0338_1774674163.jpg,0535_900148540.jpg,0025_542183189.jpg,0058_1059299865.jpg,0082_376467394.jpg,0084_2240602720.jpg,0096_765599303.jpg,0549_307392445.jpg,0055_97982661.jpg,0204_255130101.jpg
0027_314806229.jpg,1,0347_309733153.jpg,0494_107303895.jpg,0414_261633213.jpg,0546_224762633.jpg,0405_26712965.jpg,0006_389068675.jpg,0366_7100624.jpg,0433_2543133441.jpg,0298_112965978.jpg,0577_305016660.jpg,0591_373276126.jpg,0025_377465084.jpg,0257_132190915.jpg,0400_91761454.jpg,0057_337933791.jpg,0300_75961385.jpg
0083_315644835.jpg,0,0585_2692541077.jpg,0365_2100752433.jpg,0280_182778486.jpg,0091_1027301852.jpg,0238_304303625.jpg,0529_200450910.jpg,0011_2271948699.jpg,0342_2342911408.jpg,0392_1854672540.jpg,0245_476011707.jpg,0458_1707223631.jpg,0341_2445461866.jpg,0029_2657866587.jpg,0357_957375104.jpg,0203_1531335031.jpg,0082_376467394.jpg
0096_133348565.jpg,1,0472_1424432747.jpg,0492_2172630521.jpg,0443_70144228.jpg,0027_2140372749.jpg,0583_197797500.jpg,0483_2230861211.jpg,0299_6069270.jpg,0405_26712965.jpg,0503_534610382.jpg,0255_2196462970.jpg,0044_639067506.jpg,0246_2396105994.jpg,0418_292326124.jpg,0451_332340827.jpg,0081_168320136.jpg,0417_219718446.jpg
0334_403581778.jpg,2,0585_2692541077.jpg,0011_2271948699.jpg,0238_304303625.jpg,0091_1027301852.jpg,0365_2100752433.jpg,0529_200450910.jpg,0388_2435060237.jpg,0458_1707223631.jpg,0067_85175647.jpg,0203_1531335031.jpg,0280_182778486.jpg,0535_900148540.jpg,0342_2342911408.jpg,0082_376467394.jpg,0503_534610382.jpg,0245_476011707.jpg
0343_1212317787.jpg,0,0343_1212317787.jpg,0077_131975834.jpg,0386_685439603.jpg,0545_1915613415.jpg,0076_67044764.jpg,0566_98886885.jpg,0219_4314082.jpg,0440_462262106.jpg,0454_176397575.jpg,0090_2078259391.jpg,0419_2647749521.jpg,0408_223904975.jpg,0455_235384615.jpg,0505_97938792.jpg,0087_792012138.jpg,0091_2114909246.jpg
0490_119711250.jpg,2,0503_534610382.jpg,0494_2118590998.jpg,0552_900057489.jpg,0518_100795295.jpg,0080_2299350671.jpg,0433_2543133441.jpg,0206_210745901.jpg,0366_7100624.jpg,0535_900148540.jpg,0082_376467394.jpg,0097_451053971.jpg,0472_1424432747.jpg,0071_2363465757.jpg,0204_255130101.jpg,0334_785347157.jpg,0090_2078259391.jpg
0505_452083265.jpg,0,0090_2078259391.jpg,0544_2582664183.jpg,0082_376467394.jpg,0096_765599303.jpg,0013_237187436.jpg,0562_300202762.jpg,0238_322451288.jpg,0076_67044764.jpg,0505_304910084.jpg,0565_471169878.jpg,0097_451053971.jpg,0440_462262106.jpg,0405_107725702.jpg,0413_2162890733.jpg,0518_100795295.jpg,0235_330818956.jpg
0567_2082538422.jpg,0,0572_435734786.jpg,0480_378633384.jpg,0544_2319779975.jpg,0473_184442009.jpg,0035_22237769.jpg,0546_224762633.jpg,0551_2641697240.jpg,0072_392167241.jpg,0346_2391768416.jpg,0007_2493659489.jpg,0433_280857249.jpg,0002_447459573.jpg,0499_2390477201.jpg,0344_448015905.jpg,0299_280229223.jpg,0403_204552765.jpg
0035_308591882.jpg,3,0382_2461305933.jpg,0085_1299782822.jpg,0593_2318524565.jpg,0555_479039142.jpg,0406_2195876070.jpg,0230_2005339781.jpg,0085_2461786868.jpg,0095_2040702662.jpg,0241_2049302248.jpg,0048_376403930.jpg,0556_213049164.jpg,0547_2524771887.jpg,0046_467025574.jpg,0446_1332200459.jpg,0039_874114329.jpg,0407_281610921.jpg
0203_2728621254.jpg,5,0493_698875097.jpg,0044_639067506.jpg,0367_2602790157.jpg,0096_128826595.jpg,0081_168320136.jpg,0417_219718446.jpg,0367_439285617.jpg,0399_802243220.jpg,0460_1218224594.jpg,0594_1912189329.jpg,0246_2396105994.jpg,0502_117481481.jpg,0342_508405599.jpg,0573_2363553237.jpg,0079_505761148.jpg,0404_92212466.jpg
0207_71166799.jpg,0,0585_2692541077.jpg,0091_1027301852.jpg,0352_1889948201.jpg,0011_2271948699.jpg,0357_957375104.jpg,0235_330818956.jpg,0603_2122088731.jpg,0458_1707223631.jpg,0388_2435060237.jpg,0007_940780300.jpg,0275_2124171160.jpg,0353_262503661.jpg,0072_415492582.jpg,0371_2504886219.jpg,0508_506798791.jpg,0529_200450910.jpg
0225_382911126.jpg,2,0049_1039916561.jpg,0421_662232968.jpg,0355_247740195.jpg,0245_2674301826.jpg,0242_144135572.jpg,0348_2483149392.jpg,0259_123942568.jpg,0211_2233188435.jpg,0367_439285617.jpg,0334_513437006.jpg,0066_62415258.jpg,0077_274703788.jpg,0030_1038150842.jpg,0556_213049164.jpg,0556_34316629.jpg,0566_317585307.jpg
0234_1195451154.jpg,0,0267_2256524311.jpg,0440_462262106.jpg,0388_517456086.jpg,0440_2275932567.jpg,0448_789871868.jpg,0588_480140648.jpg,0029_2657866587.jpg,0076_67044764.jpg,0090_319623750.jpg,0395_250551125.jpg,0353_262503661.jpg,0031_308061158.jpg,0090_2078259391.jpg,0535_900148540.jpg,0099_304727032.jpg,0097_451053971.jpg
0447_160778436.jpg,1,0347_309733153.jpg,0494_107303895.jpg,0577_305016660.jpg,0366_7100624.jpg,0483_2230861211.jpg,0492_2172630521.jpg,0591_373276126.jpg,0071_2363465757.jpg,0299_6069270.jpg,0006_389068675.jpg,0415_171808464.jpg,0404_167494084.jpg,0039_139819191.jpg,0552_131922555.jpg,0301_392237148.jpg,0204_255130101.jpg
0452_2703603286.jpg,0,0484_314719681.jpg,0034_1512615089.jpg,0360_303724875.jpg,0311_746663724.jpg,0080_110159247.jpg,0025_542183189.jpg,0405_107725702.jpg,0278_400611174.jpg,0234_2597181585.jpg,0256_1383077146.jpg,0388_517456086.jpg,0239_2406529566.jpg,0505_304910084.jpg,0058_593117777.jpg,0404_120733842.jpg,0520_393786737.jpg
0505_39828189.jpg,2,0415_171808464.jpg,0041_378174827.jpg,0006_389068675.jpg,0301_1756042414.jpg,0039_139819191.jpg,0591_373276126.jpg,0417_219718446.jpg,0400_91761454.jpg,0334_785347157.jpg,0576_164520885.jpg,0433_2543133441.jpg,0310_2175194516.jpg,0508_506798791.jpg,0492_2172630521.jpg,0575_750952850.jpg,0494_107303895.jpg
0507_6575828.jpg,0,0350_350973894.jpg,0490_2519456934.jpg,0236_302818081.jpg,0281_22038704.jpg,0327_258121786.jpg,0572_435734786.jpg,0025_371671989.jpg,0254_457206527.jpg,0377_965313689.jpg,0551_439897502.jpg,0035_404597353.jpg,0560_2181459890.jpg,0282_340640567.jpg,0372_85906967.jpg,0210_228554485.jpg,0417_354640912.jpg
0597_2332388086.jpg,2,0520_89897758.jpg,0032_116187127.jpg,0399_802243220.jpg,0092_2290060819.jpg,0042_2282502465.jpg,0501_2139827504.jpg,0280_116843170.jpg,0295_383119576.jpg,0063_135358119.jpg,0248_2486264506.jpg,0253_2235421258.jpg,0421_662232968.jpg,0367_439285617.jpg,0313_296413723.jpg,0218_390133036.jpg,0100_183803372.jpg
0488_55736106.jpg,0,0013_237187436.jpg,0097_451053971.jpg,0056_2470782800.jpg,0535_900148540.jpg,0338_1774674163.jpg,0320_1880774511.jpg,0508_206409541.jpg,0056_2576774243.jpg,0090_2078259391.jpg,0505_97938792.jpg,0201_2417333834.jpg,0256_11029110.jpg,0204_255130101.jpg,0091_2114909246.jpg,0273_2088138529.jpg,0402_145786038.jpg
0550_2310483838.jpg,1,0045_1197866219.jpg,0561_2139827236.jpg,0472_484230894.jpg,0501_2139827504.jpg,0030_1038150842.jpg,0075_2291230848.jpg,0219_874465283.jpg,0249_2171307157.jpg,0454_50072806.jpg,0003_2696108622.jpg,0460_271700056.jpg,0211_2233188435.jpg,0584_2162605147.jpg,0062_2326238046.jpg,0228_443487926.jpg,0421_662232968.jpg
0565_1005028523.jpg,3,0311_2242038525.jpg,0395_329569496.jpg,0283_172088417.jpg,0585_2692541077.jpg,0272_2172093115.jpg,0316_368636145.jpg,0342_2342911408.jpg,0368_2241509578.jpg,0392_1854672540.jpg,0011_2271948699.jpg,0067_2352548585.jpg,0241_2049302248.jpg,0091_1027301852.jpg,0407_2309720791.jpg,0352_1889948201.jpg,0479_439735562.jpg
0571_1876669126.jpg,1,0019_313109121.jpg,0064_145274946.jpg,0034_1512615089.jpg,0434_311654751.jpg,0227_320536625.jpg,0293_143285799.jpg,0240_378548586.jpg,0028_387314722.jpg,0318_424213063.jpg,0520_393786737.jpg,0234_2597181585.jpg,0360_303724875.jpg,0361_1814979984.jpg,0298_112965978.jpg,0086_2470419866.jpg,0281_294263216.jpg
0574_1350863031.jpg,0,0310_320392211.jpg,0308_154934240.jpg,0030_370564052.jpg,0280_443403867.jpg,0410_2344190178.jpg,0526_480371427.jpg,0244_415650547.jpg,0007_2493659489.jpg,0220_93220430.jpg,0535_2358011266.jpg,0544_1750408159.jpg,0349_2369893724.jpg,0484_2645182288.jpg,0290_1324182242.jpg,0317_65440151.jpg,0058_593117777.jpg
0574_2508660865.jpg,1,0056_2576774243.jpg,0256_11029110.jpg,0201_2417333834.jpg,0320_1880774511.jpg,0508_206409541.jpg,0338_1774674163.jpg,0056_2470782800.jpg,0469_2396306163.jpg,0052_2327250885.jpg,0249_64279610.jpg,0273_2088138529.jpg,0529_1949964974.jpg,0097_451053971.jpg,0505_97938792.jpg,0549_307392445.jpg,0548_373623319.jpg
0575_274371395.jpg,0,0298_2115133686.jpg,0222_1072744590.jpg,0227_211411048.jpg,0082_885047387.jpg,0247_110669557.jpg,0278_467130418.jpg,0370_2087603850.jpg,0403_158783218.jpg,0486_60544417.jpg,0219_874465283.jpg,0335_89948280.jpg,0045_657978554.jpg,0340_2304543984.jpg,0226_394002776.jpg,0308_154934240.jpg,0286_131634530.jpg
0576_1423269171.jpg,0,0455_235384615.jpg,0565_2412574287.jpg,0087_792012138.jpg,0060_2278738277.jpg,0472_484230894.jpg,0349_2612320848.jpg,0002_447459573.jpg,0501_2139827504.jpg,0327_258121786.jpg,0094_2450852731.jpg,0076_67044764.jpg,0544_2582664183.jpg,0346_2391768416.jpg,0221_2334043538.jpg,0579_2319093957.jpg,0454_50072806.jpg
0578_234944758.jpg,0,0460_1218224594.jpg,0326_2080605301.jpg,0399_802243220.jpg,0028_1070815604.jpg,0340_2304543984.jpg,0347_309733153.jpg,0340_194001111.jpg,0414_261633213.jpg,0300_75961385.jpg,0079_505761148.jpg,0241_439612326.jpg,0217_774571560.jpg,0376_2104452677.jpg,0025_377465084.jpg,0399_113199228.jpg,0458_581745160.jpg
0591_975143561.jpg,1,0238_304303625.jpg,0342_2342911408.jpg,0067_85175647.jpg,0585_2692541077.jpg,0392_1854672540.jpg,0011_2271948699.jpg,0245_476011707.jpg,0039_874114329.jpg,0395_329569496.jpg,0280_182778486.jpg,0365_2100752433.jpg,0558_497700292.jpg,0529_200450910.jpg,0352_1889948201.jpg,0382_2461305933.jpg,0375_475914982.jpg
0022_11061057.jpg,1,0460_271700056.jpg,0299_280229223.jpg,0063_75362215.jpg,0089_109674173.jpg,0227_2071140892.jpg,0022_298253000.jpg,0368_2295419391.jpg,0268_458939121.jpg,0373_397938412.jpg,0281_2509246883.jpg,0035_404597353.jpg,0572_2258635367.jpg,0063_2206430814.jpg,0208_2116258494.jpg,0457_2130369898.jpg,0534_2307419856.jpg
0281_511177441.jpg,1,0203_384946567.jpg,0336_279901453.jpg,0057_580420344.jpg,0034_365734438.jpg,0431_2083270633.jpg,0274_345259431.jpg,0092_1439260577.jpg,0023_420328710.jpg,0206_231647565.jpg,0037_106123689.jpg,0359_2176096021.jpg,0399_2270938323.jpg,0373_123885782.jpg,0074_267051756.jpg,0306_2719405477.jpg,0324_7154890.jpg
0318_348656391.jpg,1,0451_332340827.jpg,0472_1424432747.jpg,0076_67044764.jpg,0503_534610382.jpg,0006_389068675.jpg,0440_462262106.jpg,0334_785347157.jpg,0206_210745901.jpg,0029_2657866587.jpg,0041_378174827.jpg,0090_319623750.jpg,0558_97139727.jpg,0275_2433657494.jpg,0307_1342433369.jpg,0090_2078259391.jpg,0443_70144228.jpg
0357_296480112.jpg,0,0018_368716755.jpg,0445_150095023.jpg,0361_1814979984.jpg,0546_224762633.jpg,0515_315140744.jpg,0030_370564052.jpg,0472_484230894.jpg,0327_258121786.jpg,0239_2230673075.jpg,0224_79875673.jpg,0551_2641697240.jpg,0240_378548586.jpg,0301_392237148.jpg,0086_2470419866.jpg,0553_43027633.jpg,0318_424213063.jpg
0374_754729428.jpg,2,0067_2286202620.jpg,0348_2483149392.jpg,0077_274703788.jpg,0310_320392211.jpg,0352_1069120304.jpg,0639_786395980.jpg,0058_55043995.jpg,0242_144135572.jpg,0078_38865253.jpg,0335_257999490.jpg,0399_2270938323.jpg,0058_593117777.jpg,0516_2169132044.jpg,0590_304108610.jpg,0022_298253000.jpg,0039_223864721.jpg
0540_461204.jpg,1,0532_74257593.jpg,0373_127145357.jpg,0002_376728638.jpg,0281_294263216.jpg,0025_2205872621.jpg,0086_2093107215.jpg,0562_300202762.jpg,0085_333750781.jpg,0405_107725702.jpg,0028_387314722.jpg,0457_26354641.jpg,0404_120733842.jpg,0034_1512615089.jpg,0076_67044764.jpg,0096_765599303.jpg,0082_376467394.jpg
0558_126778063.jpg,2,0203_384946567.jpg,0336_279901453.jpg,0032_509095114.jpg,0234_2533027163.jpg,0535_900148540.jpg,0082_376467394.jpg,0097_451053971.jpg,0515_231909625.jpg,0470_111122287.jpg,0338_1774674163.jpg,0503_534610382.jpg,0334_785347157.jpg,0204_255130101.jpg,0048_71138082.jpg,0013_237187436.jpg,0096_765599303.jpg
0560_513798112.jpg,0,0032_356445281.jpg,0334_65125348.jpg,0516_2169132044.jpg,0022_298253000.jpg,0368_2295419391.jpg,0335_257999490.jpg,0328_488636182.jpg,0667_2179869418.jpg,0407_2309720791.jpg,0488_1279855380.jpg,0281_2509246883.jpg,0077_274703788.jpg,0353_2692923748.jpg,0205_1594707791.jpg,0272_54758871.jpg,0321_2347368812.jpg
0562_2336632478.jpg,1,0535_2358011266.jpg,0310_320392211.jpg,0516_2169132044.jpg,0331_27311428.jpg,0244_415650547.jpg,0067_2286202620.jpg,0058_55043995.jpg,0049_1039916561.jpg,0205_1594707791.jpg,0335_257999490.jpg,0437_2615536243.jpg,0302_1231545997.jpg,0272_54758871.jpg,0573_2386537657.jpg,0246_2191976116.jpg,0348_2483149392.jpg
0600_864660682.jpg,0,0071_347095105.jpg,0566_106407105.jpg,0093_1032501845.jpg,0030_2073953208.jpg,0077_274703788.jpg,0390_2498171005.jpg,0481_2365324926.jpg,0020_386347744.jpg,0056_523072803.jpg,0050_23783182.jpg,0488_1279855380.jpg,0407_2309720791.jpg,0516_2169132044.jpg,0457_544506799.jpg,0387_114988685.jpg,0412_64438599.jpg
0214_244841411.jpg,1,0386_685439603.jpg,0544_2582664183.jpg,0076_67044764.jpg,0455_235384615.jpg,0002_376728638.jpg,0419_2647749521.jpg,0454_176397575.jpg,0236_419424243.jpg,0087_792012138.jpg,0373_397938412.jpg,0408_223904975.jpg,0387_2148007942.jpg,0534_2307419856.jpg,0060_2278738277.jpg,0090_2078259391.jpg,0558_1472550893.jpg
0226_129143370.jpg,0,0535_900148540.jpg,0097_451053971.jpg,0090_2078259391.jpg,0204_255130101.jpg,0338_1774674163.jpg,0013_237187436.jpg,0090_319623750.jpg,0076_67044764.jpg,0316_208573336.jpg,0440_462262106.jpg,0056_2470782800.jpg,0377_399413337.jpg,0091_2114909246.jpg,0320_1880774511.jpg,0508_206409541.jpg,0505_97938792.jpg
0228_118973341.jpg,2,0254_2216731074.jpg,0085_333750781.jpg,0227_320536625.jpg,0217_312728321.jpg,0240_378548586.jpg,0558_97139727.jpg,0043_2225760403.jpg,0230_299250901.jpg,0371_399031930.jpg,0220_328871623.jpg,0071_2750499776.jpg,0435_134682181.jpg,0080_299250987.jpg,0060_2278738277.jpg,0349_2612320848.jpg,0463_373083437.jpg
0251_404454932.jpg,1,0371_513991158.jpg,0431_1115019810.jpg,0094_2450852731.jpg,0054_108725456.jpg,0237_1512706224.jpg,0060_2278738277.jpg,0085_1400090573.jpg,0029_2657866587.jpg,0458_581745160.jpg,0375_2666540278.jpg,0076_67044764.jpg,0470_111122287.jpg,0624_2240659402.jpg,0003_15805308.jpg,0072_392167241.jpg,0557_551498655.jpg
0318_260287887.jpg,0,0246_342780198.jpg,0023_373456480.jpg,0501_76297116.jpg,0211_828246144.jpg,0260_768267229.jpg,0559_128926979.jpg,0224_79875673.jpg,0003_22755481.jpg,0558_97139727.jpg,0371_2026820051.jpg,0301_392237148.jpg,0080_2299350671.jpg,0227_320536625.jpg,0552_900057489.jpg,0370_127145895.jpg,0349_2612320848.jpg
0537_1760286858.jpg,0,0327_258121786.jpg,0470_2409858730.jpg,0063_100471849.jpg,0549_112817154.jpg,0377_965313689.jpg,0069_2085036913.jpg,0516_2551576402.jpg,0469_2075262772.jpg,0220_328871623.jpg,0083_2456097299.jpg,0276_184060001.jpg,0250_457462906.jpg,0532_74257593.jpg,0008_1937292659.jpg,0240_378548586.jpg,0310_320392211.jpg
0559_1253936498.jpg,1,0247_1078115911.jpg,0451_1424019457.jpg,0550_61767551.jpg,0082_493359463.jpg,0373_397938412.jpg,0208_2116258494.jpg,0207_1383874474.jpg,0234_1906662004.jpg,0077_274703788.jpg,0071_2750499776.jpg,0516_2551576402.jpg,0083_67244698.jpg,0076_67044764.jpg,0217_312728321.jpg,0274_2060984650.jpg,0060_2278738277.jpg
0582_122696581.jpg,2,0013_91957114.jpg,0220_328871623.jpg,0556_122696827.jpg,0240_378548586.jpg,0063_100471849.jpg,0069_2085036913.jpg,0377_965313689.jpg,0018_368716755.jpg,0558_97139727.jpg,0080_2299350671.jpg,0072_392167241.jpg,0402_303958692.jpg,0499_2390477201.jpg,0560_2181459890.jpg,0023_373456480.jpg,0221_284733280.jpg
0590_47081579.jpg,0,0275_2433657494.jpg,0090_319623750.jpg,0204_255130101.jpg,0090_2078259391.jpg,0440_462262106.jpg,0535_900148540.jpg,0076_67044764.jpg,0338_1774674163.jpg,0097_451053971.jpg,0013_237187436.jpg,0316_208573336.jpg,0377_399413337.jpg,0508_206409541.jpg,0056_2470782800.jpg,0256_11029110.jpg,0469_2396306163.jpg
0593_193961855.jpg,0,0076_67044764.jpg,0440_462262106.jpg,0090_2078259391.jpg,0204_255130101.jpg,0535_900148540.jpg,0090_319623750.jpg,0013_237187436.jpg,0097_451053971.jpg,0080_2299350671.jpg,0338_1774674163.jpg,0002_447459573.jpg,0227_320536625.jpg,0349_2612320848.jpg,0316_208573336.jpg,0056_2470782800.jpg,0091_2114909246.jpg
0008_373092812.jpg,1,0379_1417242271.jpg,0493_2652762233.jpg,0531_89594514.jpg,0259_123942568.jpg,0362_2437727707.jpg,0220_468187900.jpg,0544_363800952.jpg,0328_241052832.jpg,0441_173080025.jpg,0072_1362473050.jpg,0204_144630253.jpg,0481_229068943.jpg,0358_2113028352.jpg,0003_488456796.jpg,0020_1350559729.jpg,0367_439285617.jpg
0063_2244140623.jpg,1,0391_2229221974.jpg,0284_154282966.jpg,0455_76593141.jpg,0086_109782504.jpg,0082_493359463.jpg,0406_1711094056.jpg,0330_1373177710.jpg,0034_395512010.jpg,0024_2301900496.jpg,0505_204459358.jpg,0446_1332200459.jpg,0247_2295834231.jpg,0022_468395542.jpg,0040_520287572.jpg,0210_2256877298.jpg,0340_2304543984.jpg
0092_2019123562.jpg,2,0092_2019123562.jpg,0022_106045396.jpg,0080_144432999.jpg,0531_512193684.jpg,0074_174892466.jpg,0008_1286063308.jpg,0414_252091142.jpg,0065_1944797327.jpg,0039_116022752.jpg,0410_2295288321.jpg,0380_679431538.jpg,0281_260741226.jpg,0226_394002776.jpg,0414_189862263.jpg,0021_473262513.jpg,0316_208573336.jpg
0243_1475908697.jpg,0,0458_1707223631.jpg,0365_2100752433.jpg,0091_1027301852.jpg,0529_200450910.jpg,0585_2692541077.jpg,0435_2431199132.jpg,0285_298273007.jpg,0245_476011707.jpg,0019_423862738.jpg,0203_1531335031.jpg,0280_182778486.jpg,0632_732142650.jpg,0238_304303625.jpg,0515_231909625.jpg,0032_509095114.jpg,0015_3964311.jpg
0275_2409425161.jpg,0,0440_462262106.jpg,0267_2256524311.jpg,0535_900148540.jpg,0338_1774674163.jpg,0097_451053971.jpg,0316_208573336.jpg,0204_255130101.jpg,0090_319623750.jpg,0090_2078259391.jpg,0355_2327829496.jpg,0056_2470782800.jpg,0013_237187436.jpg,0320_1880774511.jpg,0505_97938792.jpg,0056_2576774243.jpg,0508_206409541.jpg
0337_554677488.jpg,0,0336_279901453.jpg,0421_198501522.jpg,0203_384946567.jpg,0032_509095114.jpg,0234_2533027163.jpg,0055_97982661.jpg,0359_2176096021.jpg,0531_503493316.jpg,0515_231909625.jpg,0016_65645647.jpg,0216_444948591.jpg,0025_542183189.jpg,0099_304727032.jpg,0264_161640407.jpg,0535_900148540.jpg,0019_283448259.jpg
0391_2229221974.jpg,7,0391_2229221974.jpg,0284_154282966.jpg,0241_175530397.jpg,0325_2548530508.jpg,0222_1072744590.jpg,0402_332313976.jpg,0002_2138445810.jpg,0406_2436556786.jpg,0521_32888419.jpg,0241_439612326.jpg,0425_362960502.jpg,0455_76593141.jpg,0554_2538431592.jpg,0022_498609706.jpg,0630_1105839299.jpg,0203_1051247053.jpg
0416_2494152511.jpg,2,0416_2494152511.jpg,0470_111122287.jpg,0431_1115019810.jpg,0099_304727032.jpg,0510_2478560287.jpg,0054_108725456.jpg,0044_2351719475.jpg,0207_1552889790.jpg,0244_124699637.jpg,0550_1443831453.jpg,0535_900148540.jpg,0234_2533027163.jpg,0204_255130101.jpg,0097_451053971.jpg,0316_208573336.jpg,0029_2657866587.jpg
0518_2163371167.jpg,3,0218_486672137.jpg,0049_324201720.jpg,0099_470519458.jpg,0244_124699637.jpg,0343_454214634.jpg,0257_2328560703.jpg,0054_108725456.jpg,0276_230748653.jpg,0048_71138082.jpg,0237_1512706224.jpg,0028_470519612.jpg,0253_395091440.jpg,0441_2465695848.jpg,0632_732142650.jpg,0327_35291888.jpg,0470_111122287.jpg
0595_217630603.jpg,1,0221_284733280.jpg,0089_363385992.jpg,0020_2312863941.jpg,0205_1594707791.jpg,0210_101334480.jpg,0555_479039142.jpg,0029_70038158.jpg,0348_2483149392.jpg,0457_544506799.jpg,0071_347095105.jpg,0300_1394274624.jpg,0077_274703788.jpg,0516_2169132044.jpg,0274_2060984650.jpg,0241_2049302248.jpg,0023_664494180.jpg
0324_161473185.jpg,0,0381_140045368.jpg,0232_2575158420.jpg,0227_211411048.jpg,0374_2153774675.jpg,0430_243297007.jpg,0226_394002776.jpg,0425_432600792.jpg,0440_2391227310.jpg,0235_330818956.jpg,0024_2301900496.jpg,0301_392237148.jpg,0072_392167241.jpg,0082_376467394.jpg,0518_100795295.jpg,0332_2490595310.jpg,0238_322451288.jpg
0338_133892086.jpg,0,0527_141795497.jpg,0213_2417364557.jpg,0203_384946567.jpg,0106_2551436758.jpg,0274_345259431.jpg,0521_1479083954.jpg,0506_158516268.jpg,0310_320392211.jpg,0031_308061158.jpg,0075_1882016248.jpg,0244_415650547.jpg,0531_503493316.jpg,0033_1033877706.jpg,0021_289473728.jpg,0431_2083270633.jpg,0042_2312682727.jpg
0387_2674420581.jpg,1,0412_64438599.jpg,0484_314719681.jpg,0311_746663724.jpg,0360_303724875.jpg,0505_304910084.jpg,0034_1512615089.jpg,0405_107725702.jpg,0027_2182667104.jpg,0030_370564052.jpg,0082_376467394.jpg,0307_1342433369.jpg,0235_330818956.jpg,0462_176221473.jpg,0037_2219556511.jpg,0404_120733842.jpg,0220_93220430.jpg
0400_305259114.jpg,2,0019_313109121.jpg,0293_143285799.jpg,0256_1383077146.jpg,0227_320536625.jpg,0086_2470419866.jpg,0063_100471849.jpg,0240_378548586.jpg,0463_373083437.jpg,0030_370564052.jpg,0318_424213063.jpg,0557_551498655.jpg,0499_2390477201.jpg,0327_258121786.jpg,0472_712455170.jpg,0289_484976997.jpg,0298_112965978.jpg
0480_2468175419.jpg,0,0494_2118590998.jpg,0080_2299350671.jpg,0552_900057489.jpg,0518_100795295.jpg,0220_328871623.jpg,0069_2085036913.jpg,0227_320536625.jpg,0315_2202722843.jpg,0382_2515499488.jpg,0479_381639468.jpg,0077_131975834.jpg,0082_376467394.jpg,0582_485781606.jpg,0535_900148540.jpg,0028_387314722.jpg,0279_1386182063.jpg
0531_10508008.jpg,0,0415_171808464.jpg,0334_785347157.jpg,0041_378174827.jpg,0400_91761454.jpg,0591_373276126.jpg,0301_1756042414.jpg,0070_178243628.jpg,0581_2286120456.jpg,0417_219718446.jpg,0575_750952850.jpg,0039_139819191.jpg,0577_364324338.jpg,0051_1384283201.jpg,0060_2415232057.jpg,0005_84655830.jpg,0006_389068675.jpg
0538_49194539.jpg,0,0227_320536625.jpg,0433_2543133441.jpg,0240_378548586.jpg,0301_392237148.jpg,0085_1433846907.jpg,0558_97139727.jpg,0072_392167241.jpg,0293_143285799.jpg,0477_102516460.jpg,0001_389068663.jpg,0215_382715914.jpg,0080_2299350671.jpg,0400_91761454.jpg,0298_112965978.jpg,0472_712455170.jpg,0366_7100624.jpg
0571_743347703.jpg,1,0311_288493554.jpg,0313_66738061.jpg,0315_123847061.jpg,0051_2576534437.jpg,0527_203896163.jpg,0416_466211556.jpg,0509_154788696.jpg,0319_28578376.jpg,0307_1342433369.jpg,0238_322451288.jpg,0094_2450852731.jpg,0463_373083437.jpg,0518_100795295.jpg,0029_2089504883.jpg,0090_319623750.jpg,0560_2181459890.jpg
0573_164627255.jpg,1,0241_2049302248.jpg,0085_2461786868.jpg,0348_2483149392.jpg,0555_479039142.jpg,0020_2312863941.jpg,0300_1394274624.jpg,0023_664494180.jpg,0067_2286202620.jpg,0283_172088417.jpg,0590_304108610.jpg,0320_305644365.jpg,0039_223864721.jpg,0555_118128555.jpg,0512_122941872.jpg,0030_2073953208.jpg,0008_1072834393.jpg
0615_73760783.jpg,2,0367_61524634.jpg,0323_299051887.jpg,0095_77428448.jpg,0352_1069120304.jpg,0320_305644365.jpg,0311_746663724.jpg,0078_38865253.jpg,0242_144135572.jpg,0412_64438599.jpg,0305_2346049207.jpg,0526_480371427.jpg,0058_593117777.jpg,0387_114988685.jpg,0593_2318524565.jpg,0555_118128555.jpg,0220_93220430.jpg
0229_851778853.jpg,2,0369_1488952563.jpg,0241_175530397.jpg,0026_512455502.jpg,0367_439285617.jpg,0436_87338113.jpg,0038_1778354339.jpg,0234_47399565.jpg,0222_1072744590.jpg,0402_332313976.jpg,0044_2351719475.jpg,0441_173080025.jpg,0002_2138445810.jpg,0059_2434669693.jpg,0012_1803230025.jpg,0035_2430966684.jpg,0102_2746828589.jpg
0244_290079576.jpg,0,0276_184060001.jpg,0206_210745901.jpg,0085_1433846907.jpg,0445_448871453.jpg,0253_2331139048.jpg,0073_1336938541.jpg,0481_2365324926.jpg,0217_438972120.jpg,0072_392167241.jpg,0071_2363465757.jpg,0298_112965978.jpg,0006_389068675.jpg,0224_79875673.jpg,0472_1424432747.jpg,0018_368716755.jpg,0001_389068663.jpg
0326_503071378.jpg,0,0326_503071378.jpg,0280_182778486.jpg,0545_2188588517.jpg,0024_1311421001.jpg,0048_71138082.jpg,0515_231909625.jpg,0503_534610382.jpg,0235_330818956.jpg,0352_2223629556.jpg,0535_900148540.jpg,0259_2205482938.jpg,0082_376467394.jpg,0244_124699637.jpg,0585_2692541077.jpg,0276_230748653.jpg,0323_299051887.jpg
0328_241052832.jpg,1,0328_241052832.jpg,0379_1417242271.jpg,0358_2113028352.jpg,0020_1350559729.jpg,0299_347784683.jpg,0016_65645647.jpg,0017_396050911.jpg,0204_144630253.jpg,0493_2652762233.jpg,0059_2209707870.jpg,0398_233584997.jpg,0544_363800952.jpg,0207_1552889790.jpg,0531_89594514.jpg,0328_120155103.jpg,0470_111122287.jpg
0395_2337770447.jpg,0,0090_2078259391.jpg,0204_255130101.jpg,0535_900148540.jpg,0338_1774674163.jpg,0097_451053971.jpg,0013_237187436.jpg,0316_208573336.jpg,0090_319623750.jpg,0076_67044764.jpg,0440_462262106.jpg,0056_2470782800.jpg,0505_97938792.jpg,0508_206409541.jpg,0207_1149075521.jpg,0056_2576774243.jpg,0091_2114909246.jpg
0397_285794391.jpg,1,0056_12246629.jpg,0063_2206430814.jpg,0094_2450852731.jpg,0446_1332200459.jpg,0083_67244698.jpg,0516_2551576402.jpg,0438_2239805322.jpg,0431_1028287206.jpg,0211_2233188435.jpg,0077_274703788.jpg,0086_109782504.jpg,0499_2252891979.jpg,0516_2169132044.jpg,0300_1394274624.jpg,0531_503493316.jpg,0076_67044764.jpg
0539_459580216.jpg,1,0020_1350559729.jpg,0328_241052832.jpg,0299_347784683.jpg,0017_396050911.jpg,0016_65645647.jpg,0055_97982661.jpg,0544_363800952.jpg,0207_1552889790.jpg,0355_2327829496.jpg,0358_2113028352.jpg,0059_2209707870.jpg,0470_111122287.jpg,0379_1417242271.jpg,0025_542183189.jpg,0204_144630253.jpg,0535_900148540.jpg
0574_2589762301.jpg,0,0089_388655428.jpg,0404_2132714537.jpg,0270_2317631366.jpg,0552_131922555.jpg,0577_305016660.jpg,0451_1424019457.jpg,0003_22755481.jpg,0035_1295687064.jpg,0095_368122234.jpg,0211_828246144.jpg,0481_2712030030.jpg,0579_38984121.jpg,0349_2369893724.jpg,0077_274703788.jpg,0047_309820307.jpg,0302_1231545997.jpg
0590_2560684388.jpg,0,0554_2538431592.jpg,0097_2576471418.jpg,0365_161541596.jpg,0427_2560227973.jpg,0520_89897758.jpg,0451_1424019457.jpg,0429_153438272.jpg,0025_371671989.jpg,0035_22237769.jpg,0234_1906662004.jpg,0565_2412574287.jpg,0319_1317845070.jpg,0057_337933791.jpg,0315_2333912584.jpg,0251_2395271875.jpg,0013_272421059.jpg
0591_2112481831.jpg,1,0019_423862738.jpg,0529_200450910.jpg,0074_174892466.jpg,0348_127145034.jpg,0245_476011707.jpg,0458_1707223631.jpg,0365_2100752433.jpg,0632_732142650.jpg,0091_1027301852.jpg,0290_350164307.jpg,0384_268601063.jpg,0535_900148540.jpg,0515_231909625.jpg,0440_462262106.jpg,0204_255130101.jpg,0090_2078259391.jpg
0271_2301787547.jpg,0,0315_2202722843.jpg,0090_2078259391.jpg,0338_1774674163.jpg,0535_900148540.jpg,0204_255130101.jpg,0097_451053971.jpg,0316_208573336.jpg,0013_237187436.jpg,0090_319623750.jpg,0056_2470782800.jpg,0440_462262106.jpg,0080_2299350671.jpg,0260_768267229.jpg,0256_11029110.jpg,0508_206409541.jpg,0091_2114909246.jpg
0276_2730274288.jpg,1,0379_1417242271.jpg,0002_2138445810.jpg,0398_233584997.jpg,0544_363800952.jpg,0493_2652762233.jpg,0059_2209707870.jpg,0020_1350559729.jpg,0259_123942568.jpg,0027_158181908.jpg,0328_241052832.jpg,0367_439285617.jpg,0016_65645647.jpg,0017_396050911.jpg,0369_1488952563.jpg,0012_1803230025.jpg,0358_2113028352.jpg
0335_930958690.jpg,2,0039_139819191.jpg,0310_2175194516.jpg,0218_390133036.jpg,0301_1756042414.jpg,0393_1599139123.jpg,0300_75961385.jpg,0269_2223616799.jpg,0587_292740751.jpg,0576_164520885.jpg,0044_639067506.jpg,0492_2172630521.jpg,0318_445157889.jpg,0415_171808464.jpg,0087_421985660.jpg,0055_97982661.jpg,0591_373276126.jpg
0342_354469192.jpg,2,0235_330818956.jpg,0557_551498655.jpg,0360_303724875.jpg,0405_107725702.jpg,0256_1383077146.jpg,0307_1342433369.jpg,0484_314719681.jpg,0082_376467394.jpg,0238_322451288.jpg,0072_415492582.jpg,0494_450805275.jpg,0096_765599303.jpg,0030_370564052.jpg,0298_112965978.jpg,0505_304910084.jpg,0577_5743319.jpg
0351_2540966040.jpg,0,0219_874465283.jpg,0589_1556289677.jpg,0560_799781099.jpg,0263_216075894.jpg,0011_264796015.jpg,0201_219322197.jpg,0298_2115133686.jpg,0045_1197866219.jpg,0311_380718096.jpg,0010_231649733.jpg,0506_158516268.jpg,0534_2307419856.jpg,0067_613541644.jpg,0438_148638038.jpg,0527_141795497.jpg,0286_131634530.jpg
0447_81745290.jpg,2,0204_144630253.jpg,0251_1979529530.jpg,0035_2430966684.jpg,0060_2415232057.jpg,0220_468187900.jpg,0531_89594514.jpg,0386_647827108.jpg,0003_488456796.jpg,0005_84655830.jpg,0048_476442702.jpg,0379_1417242271.jpg,0476_309577888.jpg,0054_2200348313.jpg,0288_2342860532.jpg,0481_229068943.jpg,0441_173080025.jpg
0530_1679748375.jpg,1,0353_262503661.jpg,0315_2202722843.jpg,0371_2504886219.jpg,0090_319623750.jpg,0204_255130101.jpg,0603_2122088731.jpg,0090_2078259391.jpg,0535_900148540.jpg,0316_208573336.jpg,0097_451053971.jpg,0338_1774674163.jpg,0029_2657866587.jpg,0440_462262106.jpg,0388_517456086.jpg,0076_67044764.jpg,0013_237187436.jpg
0538_2332507481.jpg,0,0276_230748653.jpg,0005_2736069940.jpg,0253_395091440.jpg,0048_71138082.jpg,0332_1443922592.jpg,0251_1979529530.jpg,0379_1417242271.jpg,0352_2223629556.jpg,0398_233584997.jpg,0203_1531335031.jpg,0343_454214634.jpg,0218_486672137.jpg,0358_2113028352.jpg,0244_124699637.jpg,0548_339760890.jpg,0632_732142650.jpg
0540_155576776.jpg,1,0028_387314722.jpg,0585_2692541077.jpg,0622_1456354851.jpg,0203_1531335031.jpg,0494_2118590998.jpg,0240_378548586.jpg,0080_2299350671.jpg,0293_143285799.jpg,0235_330818956.jpg,0281_294263216.jpg,0082_376467394.jpg,0204_255130101.jpg,0520_393786737.jpg,0227_320536625.jpg,0535_900148540.jpg,0431_1392096703.jpg
0547_2258475290.jpg,0,0349_2612320848.jpg,0204_255130101.jpg,0076_67044764.jpg,0090_319623750.jpg,0090_2078259391.jpg,0087_792012138.jpg,0535_900148540.jpg,0097_451053971.jpg,0370_2467732111.jpg,0338_1774674163.jpg,0316_208573336.jpg,0440_462262106.jpg,0013_237187436.jpg,0544_2582664183.jpg,0091_2114909246.jpg,0056_2470782800.jpg
0052_449204753.jpg,0,0358_2113028352.jpg,0263_703556747.jpg,0220_468187900.jpg,0204_144630253.jpg,0288_2342860532.jpg,0481_229068943.jpg,0531_89594514.jpg,0048_476442702.jpg,0060_2415232057.jpg,0299_347784683.jpg,0379_1417242271.jpg,0595_103823260.jpg,0259_123942568.jpg,0251_1979529530.jpg,0476_309577888.jpg,0005_2736069940.jpg
0066_1006906272.jpg,1,0531_503493316.jpg,0029_2657866587.jpg,0203_384946567.jpg,0034_365734438.jpg,0395_329569496.jpg,0353_262503661.jpg,0585_2692541077.jpg,0515_231909625.jpg,0011_2271948699.jpg,0440_2275932567.jpg,0440_462262106.jpg,0533_391279988.jpg,0031_308061158.jpg,0032_509095114.jpg,0529_200450910.jpg,0503_534610382.jpg
0225_2756750022.jpg,4,0207_500923150.jpg,0091_1027301852.jpg,0585_2692541077.jpg,0080_144432999.jpg,0281_260741226.jpg,0380_679431538.jpg,0203_1531335031.jpg,0011_2271948699.jpg,0531_512193684.jpg,0458_1707223631.jpg,0008_1286063308.jpg,0515_231909625.jpg,0529_200450910.jpg,0603_2122088731.jpg,0085_2343760208.jpg,0353_262503661.jpg
0226_122247277.jpg,0,0449_154966605.jpg,0005_84655830.jpg,0218_390133036.jpg,0310_2175194516.jpg,0091_1331542205.jpg,0334_785347157.jpg,0575_750952850.jpg,0400_91761454.jpg,0066_62415258.jpg,0054_2200348313.jpg,0415_171808464.jpg,0035_2430966684.jpg,0497_718212306.jpg,0476_309577888.jpg,0251_1979529530.jpg,0581_2286120456.jpg
0344_19537427.jpg,2,0290_350164307.jpg,0529_200450910.jpg,0458_1707223631.jpg,0091_1027301852.jpg,0494_2118590998.jpg,0019_423862738.jpg,0245_476011707.jpg,0011_2271948699.jpg,0069_2085036913.jpg,0518_100795295.jpg,0080_2299350671.jpg,0050_103459432.jpg,0552_900057489.jpg,0446_1332200459.jpg,0227_320536625.jpg,0365_2100752433.jpg
0356_196673098.jpg,4,0585_2692541077.jpg,0365_2100752433.jpg,0091_1027301852.jpg,0529_200450910.jpg,0011_2271948699.jpg,0458_1707223631.jpg,0342_2342911408.jpg,0266_2339698473.jpg,0203_1531335031.jpg,0029_2657866587.jpg,0388_2435060237.jpg,0515_231909625.jpg,0280_182778486.jpg,0238_304303625.jpg,0245_476011707.jpg,0392_1854672540.jpg
0528_471393331.jpg,5,0585_2692541077.jpg,0011_2271948699.jpg,0353_262503661.jpg,0007_940780300.jpg,0079_1387720721.jpg,0300_27275098.jpg,0091_1027301852.jpg,0529_200450910.jpg,0278_467130418.jpg,0559_283646156.jpg,0288_2342860532.jpg,0072_415492582.jpg,0388_2435060237.jpg,0631_652855907.jpg,0430_243297007.jpg,0048_476442702.jpg
0582_2045349243.jpg,2,0099_304727032.jpg,0353_262503661.jpg,0038_1340478366.jpg,0603_2122088731.jpg,0533_391279988.jpg,0503_2572820548.jpg,0410_2295288321.jpg,0263_216075894.jpg,0029_2657866587.jpg,0085_2343760208.jpg,0090_319623750.jpg,0535_900148540.jpg,0371_2504886219.jpg,0275_2433657494.jpg,0440_462262106.jpg,0281_260741226.jpg
0587_54292072.jpg,1,0022_2355216100.jpg,0037_61248472.jpg,0060_2415232057.jpg,0577_364324338.jpg,0481_229068943.jpg,0096_395062136.jpg,0035_2430966684.jpg,0083_509347483.jpg,0218_390133036.jpg,0449_154966605.jpg,0204_144630253.jpg,0269_2223616799.jpg,0005_84655830.jpg,0220_468187900.jpg,0502_117481481.jpg,0235_330818956.jpg
0595_73476563.jpg,0,0029_456416035.jpg,0240_378548586.jpg,0311_306945126.jpg,0019_423862738.jpg,0029_2657866587.jpg,0081_265794768.jpg,0227_320536625.jpg,0440_462262106.jpg,0077_167497705.jpg,0076_67044764.jpg,0221_15354825.jpg,0015_3964311.jpg,0531_503493316.jpg,0204_255130101.jpg,0388_517456086.jpg,0535_900148540.jpg
0207_2060958484.jpg,2,0300_1394274624.jpg,0274_2060984650.jpg,0205_1594707791.jpg,0095_2040702662.jpg,0590_304108610.jpg,0283_172088417.jpg,0049_1039916561.jpg,0230_2005339781.jpg,0089_363385992.jpg,0555_479039142.jpg,0547_2524771887.jpg,0516_2169132044.jpg,0067_2286202620.jpg,0210_101334480.jpg,0334_65125348.jpg,0035_1187049547.jpg
0211_236747497.jpg,0,0548_373623319.jpg,0249_64279610.jpg,0510_1313183888.jpg,0052_2327250885.jpg,0009_6481762.jpg,0312_376416150.jpg,0347_1391307815.jpg,0416_1425890646.jpg,0351_2332302179.jpg,0097_2120902.jpg,0529_1949964974.jpg,0201_2417333834.jpg,0386_363980744.jpg,0382_18327702.jpg,0403_2489234075.jpg,0232_171734915.jpg
0229_2087088382.jpg,1,0063_100471849.jpg,0069_2085036913.jpg,0470_2409858730.jpg,0230_299250901.jpg,0260_768267229.jpg,0552_900057489.jpg,0417_354640912.jpg,0023_373456480.jpg,0494_2118590998.jpg,0059_407034010.jpg,0220_328871623.jpg,0050_103459432.jpg,0080_2299350671.jpg,0013_91957114.jpg,0518_100795295.jpg,0560_2181459890.jpg
0321_2303335368.jpg,0,0483_2230861211.jpg,0577_305016660.jpg,0347_309733153.jpg,0299_6069270.jpg,0492_2172630521.jpg,0402_611949422.jpg,0494_107303895.jpg,0089_388655428.jpg,0414_261633213.jpg,0013_272421059.jpg,0006_389068675.jpg,0057_337933791.jpg,0404_2132714537.jpg,0097_2576471418.jpg,0405_26712965.jpg,0552_131922555.jpg
0322_528268046.jpg,2,0298_112965978.jpg,0087_421985660.jpg,0405_107725702.jpg,0235_330818956.jpg,0256_1383077146.jpg,0331_2423518114.jpg,0591_373276126.jpg,0097_159739573.jpg,0413_2162890733.jpg,0360_303724875.jpg,0082_376467394.jpg,0315_2202722843.jpg,0565_471169878.jpg,0518_100795295.jpg,0238_322451288.jpg,0058_1059299865.jpg
0343_2215672621.jpg,2,0494_2118590998.jpg,0518_100795295.jpg,0080_2299350671.jpg,0552_900057489.jpg,0082_376467394.jpg,0235_330818956.jpg,0220_328871623.jpg,0058_1059299865.jpg,0565_471169878.jpg,0405_107725702.jpg,0528_396057596.jpg,0096_765599303.jpg,0382_2515499488.jpg,0069_2085036913.jpg,0246_342780198.jpg,0097_159739573.jpg
0435_2166468894.jpg,2,0518_100795295.jpg,0463_373083437.jpg,0307_1342433369.jpg,0080_299250987.jpg,0080_2299350671.jpg,0069_2085036913.jpg,0469_2075262772.jpg,0360_303724875.jpg,0298_112965978.jpg,0238_322451288.jpg,0227_320536625.jpg,0405_107725702.jpg,0582_485781606.jpg,0235_330818956.jpg,0474_741054175.jpg,0558_97139727.jpg
0452_2065016296.jpg,1,0083_67244698.jpg,0346_2391768416.jpg,0272_54758871.jpg,0035_404597353.jpg,0526_2720373481.jpg,0062_77405592.jpg,0566_106407105.jpg,0480_378633384.jpg,0047_309820307.jpg,0246_147474762.jpg,0050_23783182.jpg,0056_12246629.jpg,0077_274703788.jpg,0020_2312863941.jpg,0032_356445281.jpg,0473_184442009.jpg
0632_206497889.jpg,2,0023_420328710.jpg,0531_503493316.jpg,0031_308061158.jpg,0306_2719405477.jpg,0203_384946567.jpg,0400_91761454.jpg,0006_389068675.jpg,0373_123885782.jpg,0415_171808464.jpg,0299_280229223.jpg,0092_1439260577.jpg,0227_320536625.jpg,0336_279901453.jpg,0591_373276126.jpg,0292_718818244.jpg,0041_378174827.jpg
0672_406989194.jpg,2,0531_503493316.jpg,0293_143285799.jpg,0001_389068663.jpg,0227_320536625.jpg,0240_378548586.jpg,0220_328871623.jpg,0080_2299350671.jpg,0085_1433846907.jpg,0072_392167241.jpg,0030_370564052.jpg,0086_2470419866.jpg,0474_741054175.jpg,0069_2085036913.jpg,0028_387314722.jpg,0463_373083437.jpg,0301_392237148.jpg
0545_324850132.jpg,0,0558_1472550893.jpg,0096_2169503032.jpg,0386_685439603.jpg,0085_364495198.jpg,0067_181145382.jpg,0419_2647749521.jpg,0387_2148007942.jpg,0040_2550711977.jpg,0042_2282502465.jpg,0349_131402113.jpg,0063_75362215.jpg,0032_116187127.jpg,0268_458939121.jpg,0406_1711094056.jpg,0440_2275932567.jpg,0544_2582664183.jpg
0659_380474345.jpg,7,0019_423862738.jpg,0074_174892466.jpg,0080_144432999.jpg,0380_679431538.jpg,0529_200450910.jpg,0458_1707223631.jpg,0008_1286063308.jpg,0082_376467394.jpg,0290_350164307.jpg,0029_456416035.jpg,0235_330818956.jpg,0494_450805275.jpg,0565_471169878.jpg,0096_765599303.jpg,0015_3964311.jpg,0058_1059299865.jpg
0667_63883528.jpg,8,0022_106045396.jpg,0074_174892466.jpg,0080_144432999.jpg,0531_512193684.jpg,0092_2019123562.jpg,0380_679431538.jpg,0008_1286063308.jpg,0039_116022752.jpg,0410_2295288321.jpg,0529_200450910.jpg,0019_423862738.jpg,0316_208573336.jpg,0425_432600792.jpg,0082_376467394.jpg,0234_2533027163.jpg,0535_900148540.jpg
0675_2090836267.jpg,7,0080_144432999.jpg,0531_512193684.jpg,0074_174892466.jpg,0008_1286063308.jpg,0380_679431538.jpg,0410_2295288321.jpg,0022_106045396.jpg,0281_260741226.jpg,0535_900148540.jpg,0082_376467394.jpg,0316_208573336.jpg,0097_451053971.jpg,0007_940780300.jpg,0338_1774674163.jpg,0470_111122287.jpg,0234_2533027163.jpg
0681_2183007164.jpg,4,0521_251683571.jpg,0357_957375104.jpg,0603_2122088731.jpg,0353_262503661.jpg,0533_391279988.jpg,0352_1889948201.jpg,0029_2657866587.jpg,0099_304727032.jpg,0091_1027301852.jpg,0015_3964311.jpg,0275_2124171160.jpg,0386_1197345701.jpg,0542_1908606063.jpg,0503_2572820548.jpg,0060_2175139584.jpg,0395_250551125.jpg
0682_186289331.jpg,6,0074_174892466.jpg,0080_144432999.jpg,0529_200450910.jpg,0531_512193684.jpg,0316_208573336.jpg,0535_900148540.jpg,0082_376467394.jpg,0097_451053971.jpg,0458_1707223631.jpg,0091_1027301852.jpg,0203_1531335031.jpg,0470_111122287.jpg,0338_1774674163.jpg,0410_2295288321.jpg,0022_106045396.jpg,0048_71138082.jpg
0688_1654643802.jpg,1,0067_85175647.jpg,0342_2342911408.jpg,0585_2692541077.jpg,0209_5874489.jpg,0238_304303625.jpg,0203_1531335031.jpg,0091_1027301852.jpg,0388_2435060237.jpg,0515_231909625.jpg,0365_2100752433.jpg,0039_874114329.jpg,0048_376403930.jpg,0529_200450910.jpg,0241_2049302248.jpg,0431_1392096703.jpg,0079_1387720721.jpg
0691_1305183701.jpg,2,0535_900148540.jpg,0097_451053971.jpg,0204_255130101.jpg,0338_1774674163.jpg,0316_208573336.jpg,0013_237187436.jpg,0090_319623750.jpg,0090_2078259391.jpg,0353_262503661.jpg,0056_2470782800.jpg,0440_462262106.jpg,0076_67044764.jpg,0029_2657866587.jpg,0091_2114909246.jpg,0320_1880774511.jpg,0505_97938792.jpg
0694_306805538.jpg,0,0032_116187127.jpg,0581_2286120456.jpg,0421_662232968.jpg,0066_62415258.jpg,0497_718212306.jpg,0334_785347157.jpg,0601_2370954062.jpg,0005_84655830.jpg,0079_505761148.jpg,0090_2218350394.jpg,0044_639067506.jpg,0367_439285617.jpg,0493_698875097.jpg,0399_802243220.jpg,0401_409764588.jpg,0292_718818244.jpg
0695_2305424692.jpg,2,0316_208573336.jpg,0410_2295288321.jpg,0535_900148540.jpg,0097_451053971.jpg,0204_255130101.jpg,0338_1774674163.jpg,0013_237187436.jpg,0090_2078259391.jpg,0090_319623750.jpg,0056_2470782800.jpg,0440_462262106.jpg,0281_260741226.jpg,0207_1149075521.jpg,0076_67044764.jpg,0320_1880774511.jpg,0091_2114909246.jpg
0071_302242619.jpg,1,0320_1880774511.jpg,0505_97938792.jpg,0529_1949964974.jpg,0402_145786038.jpg,0201_2417333834.jpg,0548_373623319.jpg,0056_2470782800.jpg,0249_64279610.jpg,0056_2576774243.jpg,0091_2114909246.jpg,0508_206409541.jpg,0273_2088138529.jpg,0256_11029110.jpg,0013_237187436.jpg,0052_2327250885.jpg,0090_2078259391.jpg
0081_1209875945.jpg,1,0090_319623750.jpg,0275_2433657494.jpg,0076_67044764.jpg,0204_255130101.jpg,0458_581745160.jpg,0094_2450852731.jpg,0326_2080605301.jpg,0414_261633213.jpg,0440_462262106.jpg,0038_1340478366.jpg,0090_2078259391.jpg,0393_369299514.jpg,0060_2278738277.jpg,0349_2612320848.jpg,0316_208573336.jpg,0630_1105839299.jpg
0082_274761389.jpg,0,0470_111122287.jpg,0431_1115019810.jpg,0207_1552889790.jpg,0237_1512706224.jpg,0054_108725456.jpg,0244_124699637.jpg,0327_35291888.jpg,0099_470519458.jpg,0548_339760890.jpg,0510_2478560287.jpg,0343_454214634.jpg,0082_376467394.jpg,0235_330818956.jpg,0218_486672137.jpg,0028_470519612.jpg,0405_107725702.jpg
0084_337467134.jpg,1,0288_2342860532.jpg,0204_144630253.jpg,0003_488456796.jpg,0476_309577888.jpg,0048_476442702.jpg,0531_89594514.jpg,0220_468187900.jpg,0060_2415232057.jpg,0400_2038490939.jpg,0263_703556747.jpg,0218_390133036.jpg,0091_1331542205.jpg,0425_362960502.jpg,0535_900148540.jpg,0251_1979529530.jpg,0082_376467394.jpg
0089_2276988258.jpg,2,0355_2327829496.jpg,0078_384223662.jpg,0027_2140372749.jpg,0366_7100624.jpg,0021_296129022.jpg,0433_2543133441.jpg,0260_768267229.jpg,0204_255130101.jpg,0090_2078259391.jpg,0535_900148540.jpg,0224_79875673.jpg,0097_451053971.jpg,0324_211716745.jpg,0579_391016893.jpg,0025_542183189.jpg,0338_1774674163.jpg
0322_244868423.jpg,6,0472_484230894.jpg,0029_396245965.jpg,0366_7100624.jpg,0002_447459573.jpg,0085_1433846907.jpg,0415_171808464.jpg,0006_389068675.jpg,0298_112965978.jpg,0018_368716755.jpg,0367_2602790157.jpg,0224_79875673.jpg,0011_91957110.jpg,0001_389068663.jpg,0546_224762633.jpg,0591_373276126.jpg,0400_91761454.jpg
0339_474259011.jpg,1,0320_305644365.jpg,0008_1072834393.jpg,0071_347095105.jpg,0020_2312863941.jpg,0348_2483149392.jpg,0555_479039142.jpg,0221_284733280.jpg,0556_213049164.jpg,0241_2049302248.jpg,0555_118128555.jpg,0034_2312181054.jpg,0077_274703788.jpg,0457_544506799.jpg,0512_122941872.jpg,0046_467025574.jpg,0083_67244698.jpg
0405_767759462.jpg,2,0021_296129022.jpg,0570_279330710.jpg,0535_900148540.jpg,0443_70144228.jpg,0082_376467394.jpg,0528_396057596.jpg,0503_534610382.jpg,0097_451053971.jpg,0204_255130101.jpg,0299_2436697942.jpg,0338_1774674163.jpg,0470_111122287.jpg,0583_197797500.jpg,0054_108725456.jpg,0013_237187436.jpg,0048_71138082.jpg
0416_107385006.jpg,3,0006_389068675.jpg,0025_377465084.jpg,0366_7100624.jpg,0472_484230894.jpg,0546_224762633.jpg,0085_1400090573.jpg,0494_107303895.jpg,0534_1376956225.jpg,0544_2319779975.jpg,0298_112965978.jpg,0002_447459573.jpg,0003_2696108622.jpg,0347_309733153.jpg,0049_277709913.jpg,0094_2450852731.jpg,0207_429034624.jpg
0427_1308585041.jpg,2,0431_1115019810.jpg,0019_283448259.jpg,0535_120707061.jpg,0048_827411295.jpg,0476_309577888.jpg,0076_67044764.jpg,0535_900148540.jpg,0090_319623750.jpg,0204_255130101.jpg,0097_451053971.jpg,0090_2078259391.jpg,0536_2514236747.jpg,0016_65645647.jpg,0310_2175194516.jpg,0338_1774674163.jpg,0013_237187436.jpg
0430_1933690233.jpg,0,0516_2169132044.jpg,0300_1394274624.jpg,0221_284733280.jpg,0030_1091560018.jpg,0367_2602790157.jpg,0042_2282502465.jpg,0083_67244698.jpg,0316_368636145.jpg,0210_101334480.jpg,0311_2242038525.jpg,0077_274703788.jpg,0313_296413723.jpg,0430_293289453.jpg,0057_308442203.jpg,0093_1032501845.jpg,0346_152856368.jpg
0573_375860787.jpg,1,0020_2312863941.jpg,0216_2223624136.jpg,0318_2093806525.jpg,0051_536758690.jpg,0221_284733280.jpg,0555_479039142.jpg,0491_915338771.jpg,0071_347095105.jpg,0076_67044764.jpg,0204_255130101.jpg,0279_1386182063.jpg,0077_274703788.jpg,0089_388655428.jpg,0090_2078259391.jpg,0013_272421059.jpg,0457_544506799.jpg
0587_946978064.jpg,0,0022_298253000.jpg,0071_347095105.jpg,0229_2130448120.jpg,0406_2195876070.jpg,0556_213049164.jpg,0390_2498171005.jpg,0008_1072834393.jpg,0077_274703788.jpg,0457_2130369898.jpg,0020_386347744.jpg,0206_231647565.jpg,0566_106407105.jpg,0203_384946567.jpg,0321_2347368812.jpg,0036_299041166.jpg,0030_2073953208.jpg
0592_2110041579.jpg,0,0020_386347744.jpg,0077_274703788.jpg,0556_34316629.jpg,0211_2233188435.jpg,0305_2346049207.jpg,0526_480371427.jpg,0063_2206430814.jpg,0050_23783182.jpg,0399_2270938323.jpg,0390_2498171005.jpg,0259_2205482938.jpg,0566_106407105.jpg,0037_231623809.jpg,0020_2312863941.jpg,0368_2295419391.jpg,0412_64438599.jpg
0595_465845678.jpg,0,0060_2415232057.jpg,0218_390133036.jpg,0301_1756042414.jpg,0415_171808464.jpg,0577_364324338.jpg,0022_2355216100.jpg,0493_698875097.jpg,0441_173080025.jpg,0575_750952850.jpg,0216_376716581.jpg,0334_785347157.jpg,0051_1384283201.jpg,0035_2430966684.jpg,0591_373276126.jpg,0259_123942568.jpg,0070_178243628.jpg
0599_443397242.jpg,0,0382_2461305933.jpg,0046_467025574.jpg,0593_2318524565.jpg,0211_2056095661.jpg,0356_2570597102.jpg,0395_329569496.jpg,0230_2005339781.jpg,0547_2524771887.jpg,0639_786395980.jpg,0254_1244907552.jpg,0241_2049302248.jpg,0516_2169132044.jpg,0211_2396409713.jpg,0089_363385992.jpg,0558_497700292.jpg,0014_307960000.jpg
0646_385893994.jpg,2,0446_1332200459.jpg,0068_1064208624.jpg,0076_67044764.jpg,0090_2078259391.jpg,0097_451053971.jpg,0454_176397575.jpg,0440_462262106.jpg,0535_900148540.jpg,0013_237187436.jpg,0338_1774674163.jpg,0086_109782504.jpg,0076_280274406.jpg,0002_447459573.jpg,0563_498736324.jpg,0204_255130101.jpg,0029_2657866587.jpg
0656_32498607.jpg,0,0098_2165101873.jpg,0027_2182667104.jpg,0454_176397575.jpg,0317_494076271.jpg,0236_419424243.jpg,0472_484230894.jpg,0051_209779652.jpg,0095_304340429.jpg,0412_64438599.jpg,0526_2720373481.jpg,0025_2205872621.jpg,0566_98886885.jpg,0579_38984121.jpg,0299_280229223.jpg,0057_36443540.jpg,0043_2225760403.jpg
0677_2380243658.jpg,0,0301_1756042414.jpg,0006_389068675.jpg,0071_2363465757.jpg,0433_2543133441.jpg,0415_171808464.jpg,0366_7100624.jpg,0041_378174827.jpg,0591_373276126.jpg,0298_112965978.jpg,0492_2172630521.jpg,0039_139819191.jpg,0023_420328710.jpg,0097_2398565185.jpg,0520_393786737.jpg,0404_167494084.jpg,0034_1512615089.jpg
0679_56942195.jpg,0,0535_2128340941.jpg,0552_131922555.jpg,0551_439897502.jpg,0251_2395271875.jpg,0370_127145895.jpg,0239_2264558699.jpg,0047_868402019.jpg,0018_368716755.jpg,0085_2252697794.jpg,0211_828246144.jpg,0239_2230673075.jpg,0068_1064208624.jpg,0239_279884405.jpg,0503_2441078148.jpg,0445_150095023.jpg,0097_2398565185.jpg
0053_2295509985.jpg,1,0260_638227151.jpg,0530_1441852850.jpg,0008_1072834393.jpg,0519_507691294.jpg,0042_371432847.jpg,0348_2483149392.jpg,0049_1039916561.jpg,0007_389068672.jpg,0038_430357240.jpg,0480_14047500.jpg,0573_2386537657.jpg,0242_144135572.jpg,0036_299041166.jpg,0572_511034331.jpg,0257_2328560703.jpg,0239_297180167.jpg
0255_521307759.jpg,2,0280_116843170.jpg,0573_298205908.jpg,0057_36443540.jpg,0520_89897758.jpg,0501_2139827504.jpg,0463_373083437.jpg,0553_43027633.jpg,0063_135358119.jpg,0307_1342433369.jpg,0032_116187127.jpg,0098_2165101873.jpg,0313_296413723.jpg,0577_5743319.jpg,0238_322451288.jpg,0505_304910084.jpg,0228_1486979496.jpg
0260_262612995.jpg,0,0085_1400090573.jpg,0072_415492582.jpg,0238_322451288.jpg,0562_300202762.jpg,0245_2674301826.jpg,0298_112965978.jpg,0307_1342433369.jpg,0331_2423518114.jpg,0505_1262772462.jpg,0082_376467394.jpg,0367_439285617.jpg,0235_330818956.jpg,0253_395091440.jpg,0432_2145837554.jpg,0494_450805275.jpg,0389_432245781.jpg
0269_206328979.jpg,1,0431_2083270633.jpg,0027_2182667104.jpg,0292_718818244.jpg,0250_2739334501.jpg,0009_1382400520.jpg,0396_184013010.jpg,0306_2719405477.jpg,0029_396245965.jpg,0531_503493316.jpg,0049_2689670051.jpg,0472_484230894.jpg,0203_384946567.jpg,0205_612573315.jpg,0299_280229223.jpg,0057_36443540.jpg,0373_123885782.jpg
0277_2102353389.jpg,1,0587_292740751.jpg,0246_2396105994.jpg,0536_2514236747.jpg,0535_120707061.jpg,0019_283448259.jpg,0404_1357947702.jpg,0055_97982661.jpg,0250_2739334501.jpg,0048_827411295.jpg,0404_92212466.jpg,0583_197797500.jpg,0025_542183189.jpg,0207_429034624.jpg,0251_2395271875.jpg,0278_1578805005.jpg,0002_2138445810.jpg
0299_563698396.jpg,0,0203_1051247053.jpg,0251_2395271875.jpg,0483_2230861211.jpg,0492_2172630521.jpg,0536_2514236747.jpg,0299_6069270.jpg,0250_2739334501.jpg,0494_107303895.jpg,0264_161640407.jpg,0044_639067506.jpg,0041_378174827.jpg,0246_2396105994.jpg,0366_7100624.jpg,0583_197797500.jpg,0535_900148540.jpg,0204_255130101.jpg
0341_366610119.jpg,2,0070_178243628.jpg,0051_209779652.jpg,0029_396245965.jpg,0042_2282502465.jpg,0501_2139827504.jpg,0032_116187127.jpg,0522_2177802938.jpg,0036_143636966.jpg,0049_277709913.jpg,0292_718818244.jpg,0334_785347157.jpg,0581_2286120456.jpg,0006_389068675.jpg,0057_36443540.jpg,0516_2269510499.jpg,0306_2719405477.jpg
0342_247373865.jpg,0,0521_2451525947.jpg,0545_2659615654.jpg,0059_2434669693.jpg,0562_2211173893.jpg,0326_503071378.jpg,0401_409764588.jpg,0281_942235738.jpg,0303_273108378.jpg,0247_2295834231.jpg,0338_1907731084.jpg,0446_1332200459.jpg,0418_474741104.jpg,0004_1589009678.jpg,0239_1452822916.jpg,0070_178243628.jpg,0463_2254468925.jpg
0408_531520107.jpg,0,0011_2271948699.jpg,0585_2692541077.jpg,0603_2122088731.jpg,0555_479039142.jpg,0395_329569496.jpg,0395_250551125.jpg,0446_1332200459.jpg,0535_900148540.jpg,0529_200450910.jpg,0353_262503661.jpg,0503_534610382.jpg,0097_451053971.jpg,0204_255130101.jpg,0386_41062679.jpg,0338_1774674163.jpg,0241_2049302248.jpg
0419_2208442864.jpg,5,0440_235679304.jpg,0276_150199454.jpg,0299_280229223.jpg,0596_102415471.jpg,0396_184013010.jpg,0072_392167241.jpg,0011_91957110.jpg,0001_389068663.jpg,0002_447459573.jpg,0207_1383874474.jpg,0551_2641697240.jpg,0077_274703788.jpg,0020_2312863941.jpg,0370_2020793818.jpg,0563_498736324.jpg,0531_503493316.jpg
0251_244246577.jpg,0,0395_329569496.jpg,0574_1439330146.jpg,0341_2445461866.jpg,0011_2271948699.jpg,0585_2692541077.jpg,0305_2346049207.jpg,0353_262503661.jpg,0038_430357240.jpg,0345_308817587.jpg,0057_36443540.jpg,0395_250551125.jpg,0352_1889948201.jpg,0392_1854672540.jpg,0207_429034624.jpg,0342_2342911408.jpg,0603_2122088731.jpg
0352_358918802.jpg,0,0311_2242038525.jpg,0593_2318524565.jpg,0075_1736659214.jpg,0035_1187049547.jpg,0516_2551576402.jpg,0300_1394274624.jpg,0407_281610921.jpg,0283_172088417.jpg,0085_2461786868.jpg,0592_320595205.jpg,0368_2241509578.jpg,0356_2570597102.jpg,0230_2005339781.jpg,0260_638227151.jpg,0310_320392211.jpg,0370_2020793818.jpg
0354_2021812482.jpg,0,0076_67044764.jpg,0090_319623750.jpg,0204_255130101.jpg,0097_451053971.jpg,0090_2078259391.jpg,0013_237187436.jpg,0535_900148540.jpg,0091_2114909246.jpg,0087_792012138.jpg,0316_208573336.jpg,0440_462262106.jpg,0338_1774674163.jpg,0084_2240602720.jpg,0505_97938792.jpg,0060_2278738277.jpg,0320_1880774511.jpg
0419_2046362011.jpg,0,0552_727248657.jpg,0294_278699523.jpg,0395_329569496.jpg,0356_2570597102.jpg,0075_1736659214.jpg,0382_2461305933.jpg,0368_2241509578.jpg,0392_1854672540.jpg,0035_1187049547.jpg,0311_2242038525.jpg,0059_2434669693.jpg,0316_368636145.jpg,0230_2005339781.jpg,0046_467025574.jpg,0260_638227151.jpg,0519_2059182077.jpg
0432_728028306.jpg,0,0028_387314722.jpg,0063_135358119.jpg,0030_370564052.jpg,0057_36443540.jpg,0037_61248472.jpg,0463_373083437.jpg,0085_1433846907.jpg,0622_1456354851.jpg,0256_1383077146.jpg,0293_143285799.jpg,0405_107725702.jpg,0269_2223616799.jpg,0082_376467394.jpg,0360_303724875.jpg,0235_330818956.jpg,0001_389068663.jpg
0434_89048158.jpg,0,0050_103459432.jpg,0002_447459573.jpg,0313_296413723.jpg,0018_368716755.jpg,0008_1937292659.jpg,0219_4314082.jpg,0056_523072803.jpg,0028_1525308681.jpg,0273_2088138529.jpg,0279_1386182063.jpg,0562_300202762.jpg,0416_1425890646.jpg,0084_2240602720.jpg,0077_131975834.jpg,0091_2114909246.jpg,0347_1391307815.jpg
0436_125453748.jpg,1,0059_2434669693.jpg,0395_250551125.jpg,0355_2327829496.jpg,0085_1299782822.jpg,0440_2275932567.jpg,0555_479039142.jpg,0090_319623750.jpg,0446_1332200459.jpg,0407_281610921.jpg,0375_2666540278.jpg,0024_1336652415.jpg,0284_2459082001.jpg,0393_369299514.jpg,0561_1591227598.jpg,0446_192899924.jpg,0535_900148540.jpg
0445_1481725191.jpg,1,0473_184442009.jpg,0299_280229223.jpg,0003_2696108622.jpg,0227_320536625.jpg,0029_396245965.jpg,0049_277709913.jpg,0069_2085036913.jpg,0080_2299350671.jpg,0432_2145837554.jpg,0396_184013010.jpg,0086_2470419866.jpg,0001_389068663.jpg,0488_1279855380.jpg,0220_328871623.jpg,0072_392167241.jpg,0407_2309720791.jpg
0595_364218225.jpg,1,0235_330818956.jpg,0307_1342433369.jpg,0469_2075262772.jpg,0518_100795295.jpg,0069_2085036913.jpg,0080_2299350671.jpg,0082_376467394.jpg,0474_741054175.jpg,0220_328871623.jpg,0238_322451288.jpg,0405_107725702.jpg,0360_303724875.jpg,0494_2118590998.jpg,0298_112965978.jpg,0432_2145837554.jpg,0310_320392211.jpg
0608_14423972.jpg,0,0067_85175647.jpg,0515_231909625.jpg,0039_874114329.jpg,0238_304303625.jpg,0047_466344330.jpg,0415_171808464.jpg,0400_91761454.jpg,0079_1387720721.jpg,0073_1336938541.jpg,0085_1299782822.jpg,0048_376403930.jpg,0363_1168847602.jpg,0039_139819191.jpg,0028_387314722.jpg,0431_1392096703.jpg,0382_2461305933.jpg
0274_2166843026.jpg,1,0372_85906967.jpg,0526_2720373481.jpg,0327_258121786.jpg,0027_2182667104.jpg,0457_26354641.jpg,0050_23783182.jpg,0562_300202762.jpg,0093_1032501845.jpg,0313_296413723.jpg,0057_36443540.jpg,0416_1425890646.jpg,0472_2348219.jpg,0056_523072803.jpg,0008_1937292659.jpg,0510_1313183888.jpg,0412_64438599.jpg
0288_364812236.jpg,2,0047_4849633.jpg,0587_292740751.jpg,0535_120707061.jpg,0081_168320136.jpg,0207_429034624.jpg,0404_1357947702.jpg,0019_283448259.jpg,0493_698875097.jpg,0324_211716745.jpg,0078_384223662.jpg,0048_827411295.jpg,0530_886432445.jpg,0405_26712965.jpg,0051_1219375813.jpg,0096_128826595.jpg,0483_2230861211.jpg
0344_427880912.jpg,2,0278_400611174.jpg,0201_131377774.jpg,0082_376467394.jpg,0235_330818956.jpg,0494_450805275.jpg,0565_471169878.jpg,0484_314719681.jpg,0096_765599303.jpg,0058_1059299865.jpg,0405_107725702.jpg,0097_159739573.jpg,0360_303724875.jpg,0307_1342433369.jpg,0518_100795295.jpg,0238_322451288.jpg,0413_2162890733.jpg
0360_353859418.jpg,3,0211_828246144.jpg,0246_342780198.jpg,0239_2230673075.jpg,0535_2128340941.jpg,0370_127145895.jpg,0023_373456480.jpg,0501_76297116.jpg,0004_464793955.jpg,0085_2252697794.jpg,0282_340640567.jpg,0301_392237148.jpg,0008_1937292659.jpg,0027_2140372749.jpg,0003_22755481.jpg,0349_2612320848.jpg,0254_457206527.jpg
0382_392407977.jpg,4,0405_107725702.jpg,0257_2167457029.jpg,0351_2332302179.jpg,0518_100795295.jpg,0097_426354849.jpg,0419_2314871620.jpg,0382_18327702.jpg,0312_376416150.jpg,0307_1342433369.jpg,0097_2120902.jpg,0232_171734915.jpg,0238_322451288.jpg,0082_376467394.jpg,0510_1313183888.jpg,0532_74257593.jpg,0058_1059299865.jpg
0471_100977055.jpg,2,0307_1342433369.jpg,0405_107725702.jpg,0505_1262772462.jpg,0333_1467520895.jpg,0505_304910084.jpg,0419_2314871620.jpg,0360_303724875.jpg,0057_36443540.jpg,0085_1400090573.jpg,0470_2409858730.jpg,0235_330818956.jpg,0560_2181459890.jpg,0279_1386182063.jpg,0097_426354849.jpg,0270_2317631366.jpg,0426_1369518980.jpg
0543_386398215.jpg,3,0269_2223616799.jpg,0235_330818956.jpg,0579_391016893.jpg,0501_2139827504.jpg,0307_1342433369.jpg,0505_304910084.jpg,0025_542183189.jpg,0297_2104575985.jpg,0405_107725702.jpg,0097_426354849.jpg,0082_376467394.jpg,0360_303724875.jpg,0262_2171977499.jpg,0505_1262772462.jpg,0355_2327829496.jpg,0055_97982661.jpg
0563_7465300.jpg,3,0041_378174827.jpg,0415_171808464.jpg,0417_219718446.jpg,0400_91761454.jpg,0433_2543133441.jpg,0591_373276126.jpg,0006_389068675.jpg,0039_139819191.jpg,0301_1756042414.jpg,0334_785347157.jpg,0492_2172630521.jpg,0392_252200029.jpg,0575_750952850.jpg,0070_178243628.jpg,0576_164520885.jpg,0508_506798791.jpg
0592_399467281.jpg,3,0028_387314722.jpg,0080_2299350671.jpg,0494_2118590998.jpg,0001_389068663.jpg,0085_1433846907.jpg,0071_2363465757.jpg,0472_712455170.jpg,0400_91761454.jpg,0518_100795295.jpg,0366_7100624.jpg,0227_320536625.jpg,0552_900057489.jpg,0298_112965978.jpg,0012_253993371.jpg,0002_447459573.jpg,0072_392167241.jpg
0594_572992.jpg,0,0585_2692541077.jpg,0091_1027301852.jpg,0011_2271948699.jpg,0365_2100752433.jpg,0458_1707223631.jpg,0342_2342911408.jpg,0529_200450910.jpg,0238_304303625.jpg,0357_957375104.jpg,0203_1531335031.jpg,0266_2339698473.jpg,0388_2435060237.jpg,0275_2124171160.jpg,0392_1854672540.jpg,0236_884266623.jpg,0245_476011707.jpg
0012_2397695651.jpg,0,0005_84655830.jpg,0022_2355216100.jpg,0066_62415258.jpg,0449_154966605.jpg,0581_2286120456.jpg,0005_2348707486.jpg,0421_662232968.jpg,0037_61248472.jpg,0501_2139827504.jpg,0313_296413723.jpg,0091_1331542205.jpg,0060_2415232057.jpg,0029_396245965.jpg,0502_117481481.jpg,0057_36443540.jpg,0030_1038150842.jpg
0031_119397831.jpg,0,0058_593117777.jpg,0209_5874489.jpg,0331_27311428.jpg,0219_330720892.jpg,0352_1069120304.jpg,0323_299051887.jpg,0311_746663724.jpg,0242_144135572.jpg,0572_511034331.jpg,0367_61524634.jpg,0492_2069293834.jpg,0220_93220430.jpg,0259_2205482938.jpg,0395_329569496.jpg,0296_8505313.jpg,0412_64438599.jpg
0283_2330309977.jpg,1,0253_2331139048.jpg,0227_320536625.jpg,0083_509347483.jpg,0220_328871623.jpg,0400_91761454.jpg,0342_106781081.jpg,0591_373276126.jpg,0300_75961385.jpg,0080_2299350671.jpg,0449_154966605.jpg,0276_184060001.jpg,0039_139819191.jpg,0301_1756042414.jpg,0006_389068675.jpg,0298_112965978.jpg,0240_378548586.jpg
0305_52352353.jpg,0,0044_639067506.jpg,0081_168320136.jpg,0583_197797500.jpg,0418_292326124.jpg,0417_219718446.jpg,0246_2396105994.jpg,0493_698875097.jpg,0554_41945881.jpg,0492_2172630521.jpg,0032_116187127.jpg,0594_1912189329.jpg,0439_142015555.jpg,0334_785347157.jpg,0400_91761454.jpg,0415_171808464.jpg,0552_131922555.jpg
0326_2143467643.jpg,0,0057_36443540.jpg,0070_178243628.jpg,0029_396245965.jpg,0022_2355216100.jpg,0301_1756042414.jpg,0501_2139827504.jpg,0006_389068675.jpg,0050_23783182.jpg,0051_209779652.jpg,0085_1433846907.jpg,0313_296413723.jpg,0516_2269510499.jpg,0071_347095105.jpg,0307_1342433369.jpg,0298_112965978.jpg,0360_229174503.jpg
0345_2081075808.jpg,0,0230_299250901.jpg,0405_107725702.jpg,0457_26354641.jpg,0063_100471849.jpg,0098_2165101873.jpg,0327_258121786.jpg,0532_323272913.jpg,0034_308877300.jpg,0360_303724875.jpg,0463_373083437.jpg,0518_100795295.jpg,0097_426354849.jpg,0577_5743319.jpg,0234_2597181585.jpg,0505_304910084.jpg,0411_150746257.jpg
0346_2377718713.jpg,1,0504_2180186332.jpg,0624_2240659402.jpg,0451_1424019457.jpg,0082_493359463.jpg,0568_2174074407.jpg,0340_2304543984.jpg,0483_2230861211.jpg,0421_281285249.jpg,0579_2319093957.jpg,0094_2450852731.jpg,0516_2551576402.jpg,0326_2080605301.jpg,0205_88925364.jpg,0579_38984121.jpg,0005_3852131.jpg,0481_2712030030.jpg
0447_65152014.jpg,2,0025_2205872621.jpg,0403_68136740.jpg,0551_439897502.jpg,0071_347095105.jpg,0276_2461715214.jpg,0021_311285917.jpg,0390_2498171005.jpg,0457_2130369898.jpg,0317_494076271.jpg,0341_859276648.jpg,0022_298253000.jpg,0388_341244792.jpg,0228_1486979496.jpg,0030_2073953208.jpg,0076_67044764.jpg,0460_271700056.jpg
0453_748935395.jpg,0,0030_2073953208.jpg,0077_274703788.jpg,0071_347095105.jpg,0022_298253000.jpg,0036_299041166.jpg,0348_2483149392.jpg,0225_313813778.jpg,0042_371432847.jpg,0390_2498171005.jpg,0341_859276648.jpg,0566_106407105.jpg,0387_114988685.jpg,0488_1279855380.jpg,0211_2233188435.jpg,0481_2365324926.jpg,0083_67244698.jpg
0470_240729014.jpg,0,0474_1433984858.jpg,0307_1342433369.jpg,0050_23783182.jpg,0212_328871690.jpg,0027_2182667104.jpg,0093_1032501845.jpg,0360_303724875.jpg,0063_2206430814.jpg,0505_304910084.jpg,0405_107725702.jpg,0272_54758871.jpg,0221_2334043538.jpg,0412_64438599.jpg,0238_322451288.jpg,0544_2582664183.jpg,0058_1059299865.jpg
0023_342343103.jpg,0,0207_1149075521.jpg,0406_620901347.jpg,0535_900148540.jpg,0204_255130101.jpg,0090_319623750.jpg,0097_451053971.jpg,0316_208573336.jpg,0090_2078259391.jpg,0338_1774674163.jpg,0013_237187436.jpg,0003_53362410.jpg,0440_462262106.jpg,0021_296129022.jpg,0056_2470782800.jpg,0076_67044764.jpg,0549_307392445.jpg
0032_2686412857.jpg,0,0281_294263216.jpg,0262_2390777674.jpg,0028_387314722.jpg,0259_407236030.jpg,0520_393786737.jpg,0034_1512615089.jpg,0475_513472967.jpg,0535_900148540.jpg,0532_74257593.jpg,0097_451053971.jpg,0338_1774674163.jpg,0373_127145357.jpg,0622_1456354851.jpg,0002_376728638.jpg,0532_323272913.jpg,0090_2078259391.jpg
0223_34030539.jpg,0,0019_283448259.jpg,0393_1599139123.jpg,0246_2396105994.jpg,0048_827411295.jpg,0439_142015555.jpg,0404_1357947702.jpg,0493_698875097.jpg,0462_176221473.jpg,0278_1578805005.jpg,0090_2218350394.jpg,0365_161541596.jpg,0583_197797500.jpg,0367_2602790157.jpg,0250_2739334501.jpg,0455_1306195991.jpg,0417_219718446.jpg
0230_97817403.jpg,2,0085_1400090573.jpg,0082_376467394.jpg,0238_322451288.jpg,0235_330818956.jpg,0307_1342433369.jpg,0565_471169878.jpg,0494_450805275.jpg,0058_1059299865.jpg,0096_765599303.jpg,0097_159739573.jpg,0405_107725702.jpg,0360_303724875.jpg,0097_2120902.jpg,0528_396057596.jpg,0413_2162890733.jpg,0481_1391981197.jpg
0270_2316858574.jpg,0,0276_230748653.jpg,0352_2223629556.jpg,0048_71138082.jpg,0545_2188588517.jpg,0632_732142650.jpg,0332_1443922592.jpg,0041_492327494.jpg,0252_2393955931.jpg,0398_233584997.jpg,0235_330818956.jpg,0218_486672137.jpg,0343_454214634.jpg,0298_112965978.jpg,0073_1336938541.jpg,0591_373276126.jpg,0049_324201720.jpg
0439_345038938.jpg,0,0062_430446668.jpg,0030_2073953208.jpg,0326_423525784.jpg,0034_115229818.jpg,0323_299051887.jpg,0503_534610382.jpg,0005_84655830.jpg,0348_2483149392.jpg,0082_376467394.jpg,0341_859276648.jpg,0535_900148540.jpg,0390_2498171005.jpg,0581_2286120456.jpg,0352_1069120304.jpg,0530_1441852850.jpg,0042_371432847.jpg
0449_2433599939.jpg,1,0576_164520885.jpg,0404_92212466.jpg,0579_391016893.jpg,0207_1552889790.jpg,0431_1115019810.jpg,0059_2209707870.jpg,0470_111122287.jpg,0327_35291888.jpg,0020_1350559729.jpg,0216_376716581.jpg,0379_1417242271.jpg,0342_508405599.jpg,0003_488456796.jpg,0318_405360549.jpg,0071_429220598.jpg,0362_2437727707.jpg
0567_203275277.jpg,0,0366_7100624.jpg,0071_2363465757.jpg,0085_1433846907.jpg,0072_392167241.jpg,0415_171808464.jpg,0298_112965978.jpg,0433_2543133441.jpg,0073_1336938541.jpg,0001_389068663.jpg,0002_447459573.jpg,0028_387314722.jpg,0472_712455170.jpg,0018_368716755.jpg,0080_2299350671.jpg,0404_167494084.jpg,0039_139819191.jpg
0574_461538213.jpg,1,0534_2307419856.jpg,0529_255267653.jpg,0063_75362215.jpg,0096_2169503032.jpg,0333_1520473493.jpg,0283_1170735517.jpg,0208_2116258494.jpg,0558_1472550893.jpg,0008_2055905845.jpg,0010_231649733.jpg,0324_2041038513.jpg,0386_685439603.jpg,0373_397938412.jpg,0268_458939121.jpg,0531_1453118029.jpg,0544_2582664183.jpg
0578_2289024981.jpg,1,0585_2692541077.jpg,0011_2271948699.jpg,0392_1854672540.jpg,0352_1889948201.jpg,0280_182778486.jpg,0245_476011707.jpg,0062_430446668.jpg,0029_2657866587.jpg,0365_2100752433.jpg,0091_1027301852.jpg,0395_329569496.jpg,0458_1707223631.jpg,0631_652855907.jpg,0529_200450910.jpg,0353_262503661.jpg,0257_2328560703.jpg
0228_429130543.jpg,0,0229_184139742.jpg,0094_2450852731.jpg,0588_480140648.jpg,0263_216075894.jpg,0088_2050707490.jpg,0503_2572820548.jpg,0254_1244907552.jpg,0482_460416306.jpg,0210_2256877298.jpg,0407_555521271.jpg,0050_2074831886.jpg,0516_2551576402.jpg,0353_2692923748.jpg,0542_1908606063.jpg,0544_1750408159.jpg,0310_320392211.jpg
0253_421644823.jpg,1,0549_307392445.jpg,0201_2417333834.jpg,0529_1949964974.jpg,0386_363980744.jpg,0056_2576774243.jpg,0256_11029110.jpg,0084_2240602720.jpg,0273_2088138529.jpg,0416_1425890646.jpg,0508_206409541.jpg,0052_2327250885.jpg,0249_64279610.jpg,0320_1880774511.jpg,0009_6481762.jpg,0347_1391307815.jpg,0403_2489234075.jpg
0271_189112619.jpg,3,0284_2390756587.jpg,0508_206409541.jpg,0256_11029110.jpg,0446_1332200459.jpg,0386_363980744.jpg,0317_55329705.jpg,0076_67044764.jpg,0413_2162890733.jpg,0090_2078259391.jpg,0469_2396306163.jpg,0056_2576774243.jpg,0549_307392445.jpg,0544_2582664183.jpg,0091_2114909246.jpg,0403_2489234075.jpg,0097_159739573.jpg
0301_721827372.jpg,0,0085_1299782822.jpg,0395_250551125.jpg,0555_479039142.jpg,0076_67044764.jpg,0090_2078259391.jpg,0090_319623750.jpg,0535_900148540.jpg,0254_49290767.jpg,0204_255130101.jpg,0097_451053971.jpg,0338_1774674163.jpg,0375_2666540278.jpg,0316_208573336.jpg,0013_237187436.jpg,0024_1336652415.jpg,0021_296129022.jpg
0397_2408376500.jpg,2,0372_2744097982.jpg,0310_320392211.jpg,0219_2453342065.jpg,0081_324637624.jpg,0411_150746257.jpg,0331_475320275.jpg,0470_2409858730.jpg,0535_2358011266.jpg,0098_2255038258.jpg,0280_443403867.jpg,0208_306969742.jpg,0025_449866352.jpg,0007_2493659489.jpg,0480_2257817889.jpg,0542_1908606063.jpg,0544_1750408159.jpg
0398_211497434.jpg,0,0093_1032501845.jpg,0050_23783182.jpg,0056_523072803.jpg,0034_115229818.jpg,0566_106407105.jpg,0020_386347744.jpg,0036_299041166.jpg,0020_2312863941.jpg,0412_64438599.jpg,0556_34316629.jpg,0071_347095105.jpg,0387_114988685.jpg,0037_231623809.jpg,0078_38865253.jpg,0259_2205482938.jpg,0488_1279855380.jpg
0403_2526678151.jpg,1,0234_2533027163.jpg,0262_2171977499.jpg,0048_71138082.jpg,0545_2188588517.jpg,0028_470519612.jpg,0015_3964311.jpg,0207_1149075521.jpg,0090_319623750.jpg,0377_399413337.jpg,0535_900148540.jpg,0082_376467394.jpg,0092_1443468963.jpg,0334_785347157.jpg,0003_53362410.jpg,0204_255130101.jpg,0097_451053971.jpg
0474_2300183335.jpg,0,0029_2657866587.jpg,0440_462262106.jpg,0386_1197345701.jpg,0090_319623750.jpg,0535_900148540.jpg,0076_67044764.jpg,0090_2078259391.jpg,0097_451053971.jpg,0395_250551125.jpg,0204_255130101.jpg,0377_399413337.jpg,0338_1774674163.jpg,0316_208573336.jpg,0353_262503661.jpg,0013_237187436.jpg,0393_369299514.jpg
0488_2263845662.jpg,1,0435_134682181.jpg,0308_465939428.jpg,0308_154934240.jpg,0534_2307419856.jpg,0344_448015905.jpg,0398_2293675068.jpg,0071_2750499776.jpg,0206_2165282953.jpg,0002_1021429225.jpg,0433_280857249.jpg,0219_874465283.jpg,0263_216075894.jpg,0480_378633384.jpg,0302_33571500.jpg,0545_1915613415.jpg,0298_2115133686.jpg
0504_371012673.jpg,0,0368_2241509578.jpg,0075_1736659214.jpg,0035_1187049547.jpg,0230_2005339781.jpg,0260_638227151.jpg,0283_172088417.jpg,0593_2318524565.jpg,0089_363385992.jpg,0311_2242038525.jpg,0356_2570597102.jpg,0300_1394274624.jpg,0049_1039916561.jpg,0395_329569496.jpg,0254_1244907552.jpg,0294_278699523.jpg,0316_368636145.jpg
0120_1750587688.jpg,3,0060_2175139584.jpg,0542_1908606063.jpg,0352_1889948201.jpg,0308_154934240.jpg,0519_2059182077.jpg,0294_278699523.jpg,0530_359343091.jpg,0459_315698254.jpg,0357_957375104.jpg,0552_727248657.jpg,0268_101928459.jpg,0499_2252891979.jpg,0388_535640476.jpg,0210_2256877298.jpg,0631_652855907.jpg,0574_1439330146.jpg
0213_1764825816.jpg,4,0060_2175139584.jpg,0352_1889948201.jpg,0552_727248657.jpg,0530_359343091.jpg,0519_2059182077.jpg,0388_535640476.jpg,0392_1854672540.jpg,0294_278699523.jpg,0395_329569496.jpg,0542_1908606063.jpg,0268_101928459.jpg,0459_315698254.jpg,0075_1736659214.jpg,0356_2570597102.jpg,0479_439735562.jpg,0061_2550836757.jpg
0214_2048286416.jpg,3,0374_239455430.jpg,0342_2342911408.jpg,0031_2587518051.jpg,0585_2692541077.jpg,0474_871220989.jpg,0352_1889948201.jpg,0395_329569496.jpg,0392_1854672540.jpg,0011_2271948699.jpg,0479_439735562.jpg,0238_304303625.jpg,0530_359343091.jpg,0345_308817587.jpg,0275_2124171160.jpg,0075_1736659214.jpg,0491_314386607.jpg
0292_61796977.jpg,3,0352_1889948201.jpg,0058_593117777.jpg,0389_432245781.jpg,0007_217756490.jpg,0386_1197345701.jpg,0201_131377774.jpg,0310_320392211.jpg,0278_400611174.jpg,0388_517456086.jpg,0410_2344190178.jpg,0333_1467520895.jpg,0308_154934240.jpg,0369_304089979.jpg,0542_1908606063.jpg,0011_1167417963.jpg,0290_350164307.jpg
0297_1351797267.jpg,3,0226_394002776.jpg,0414_252091142.jpg,0092_2019123562.jpg,0022_106045396.jpg,0380_679431538.jpg,0410_2295288321.jpg,0531_512193684.jpg,0065_1944797327.jpg,0080_144432999.jpg,0021_473262513.jpg,0074_174892466.jpg,0008_1286063308.jpg,0099_304727032.jpg,0316_208573336.jpg,0207_500923150.jpg,0007_940780300.jpg
0311_287685389.jpg,3,0388_535640476.jpg,0392_1854672540.jpg,0552_727248657.jpg,0395_329569496.jpg,0035_1187049547.jpg,0519_2059182077.jpg,0342_2342911408.jpg,0368_2241509578.jpg,0356_2570597102.jpg,0075_1736659214.jpg,0294_278699523.jpg,0044_2039988461.jpg,0352_1889948201.jpg,0558_497700292.jpg,0060_2175139584.jpg,0217_147442069.jpg
0420_2545477801.jpg,2,0557_2405490902.jpg,0264_161640407.jpg,0019_423862738.jpg,0431_98567431.jpg,0086_2706930229.jpg,0551_1558429122.jpg,0519_2359738438.jpg,0250_2739334501.jpg,0234_2533027163.jpg,0563_498736324.jpg,0203_384946567.jpg,0099_304727032.jpg,0021_289473728.jpg,0106_2551436758.jpg,0596_102415471.jpg,0015_3964311.jpg
0436_470999251.jpg,1,0019_423862738.jpg,0076_216300934.jpg,0201_135021962.jpg,0242_531656610.jpg,0065_1944797327.jpg,0008_1286063308.jpg,0029_456416035.jpg,0005_84655830.jpg,0414_252091142.jpg,0575_750952850.jpg,0386_647827108.jpg,0259_123942568.jpg,0203_1531335031.jpg,0048_476442702.jpg,0380_679431538.jpg,0431_98567431.jpg
0541_133848969.jpg,1,0044_639067506.jpg,0087_421985660.jpg,0492_2172630521.jpg,0393_1599139123.jpg,0271_68783621.jpg,0039_139819191.jpg,0250_2739334501.jpg,0516_2269510499.jpg,0493_698875097.jpg,0310_2175194516.jpg,0057_337933791.jpg,0301_1756042414.jpg,0019_283448259.jpg,0071_2363465757.jpg,0508_506798791.jpg,0483_2230861211.jpg
0556_441856577.jpg,1,0592_2460618673.jpg,0446_1332200459.jpg,0382_2461305933.jpg,0008_1072834393.jpg,0386_1197345701.jpg,0046_467025574.jpg,0556_213049164.jpg,0086_109782504.jpg,0242_144135572.jpg,0395_250551125.jpg,0085_1299782822.jpg,0337_1137135666.jpg,0395_329569496.jpg,0040_264768848.jpg,0577_2279781824.jpg,0410_2344190178.jpg
0012_1430377493.jpg,6,0583_197797500.jpg,0492_2172630521.jpg,0405_26712965.jpg,0246_2396105994.jpg,0483_2230861211.jpg,0044_639067506.jpg,0081_168320136.jpg,0051_1219375813.jpg,0535_900148540.jpg,0204_255130101.jpg,0097_451053971.jpg,0090_2078259391.jpg,0338_1774674163.jpg,0418_292326124.jpg,0251_2395271875.jpg,0417_219718446.jpg
0014_359077168.jpg,4,0492_2172630521.jpg,0299_6069270.jpg,0483_2230861211.jpg,0405_26712965.jpg,0347_309733153.jpg,0577_305016660.jpg,0402_611949422.jpg,0085_2252697794.jpg,0552_131922555.jpg,0251_2395271875.jpg,0051_1219375813.jpg,0246_2396105994.jpg,0301_392237148.jpg,0089_388655428.jpg,0583_197797500.jpg,0204_255130101.jpg
0100_1849197720.jpg,7,0398_233584997.jpg,0379_1417242271.jpg,0328_120155103.jpg,0020_1350559729.jpg,0276_230748653.jpg,0059_2209707870.jpg,0328_241052832.jpg,0299_347784683.jpg,0493_2652762233.jpg,0343_454214634.jpg,0332_1443922592.jpg,0048_71138082.jpg,0358_2113028352.jpg,0017_396050911.jpg,0327_35291888.jpg,0510_2478560287.jpg
0207_173080024.jpg,11,0048_71138082.jpg,0218_486672137.jpg,0343_454214634.jpg,0276_230748653.jpg,0244_124699637.jpg,0510_2478560287.jpg,0028_470519612.jpg,0099_470519458.jpg,0327_35291888.jpg,0548_339760890.jpg,0470_111122287.jpg,0049_324201720.jpg,0632_732142650.jpg,0207_1552889790.jpg,0328_120155103.jpg,0398_233584997.jpg
0217_186557338.jpg,4,0044_639067506.jpg,0081_168320136.jpg,0493_698875097.jpg,0078_384223662.jpg,0207_429034624.jpg,0536_2514236747.jpg,0334_785347157.jpg,0246_2396105994.jpg,0019_283448259.jpg,0087_421985660.jpg,0278_1578805005.jpg,0048_827411295.jpg,0417_219718446.jpg,0041_378174827.jpg,0583_197797500.jpg,0400_91761454.jpg
0281_374181908.jpg,7,0028_470519612.jpg,0414_2355888709.jpg,0406_620901347.jpg,0099_470519458.jpg,0218_486672137.jpg,0048_71138082.jpg,0262_2171977499.jpg,0207_1149075521.jpg,0535_900148540.jpg,0003_53362410.jpg,0082_376467394.jpg,0097_451053971.jpg,0092_1443468963.jpg,0470_111122287.jpg,0017_396050911.jpg,0338_1774674163.jpg
0285_1039783904.jpg,3,0531_89594514.jpg,0263_703556747.jpg,0220_468187900.jpg,0358_2113028352.jpg,0379_1417242271.jpg,0060_2415232057.jpg,0204_144630253.jpg,0481_229068943.jpg,0288_2342860532.jpg,0299_347784683.jpg,0544_363800952.jpg,0476_309577888.jpg,0259_123942568.jpg,0005_84655830.jpg,0398_233584997.jpg,0595_103823260.jpg
0286_2588454689.jpg,0,0518_100795295.jpg,0382_2515499488.jpg,0050_23783182.jpg,0232_2076472845.jpg,0307_1342433369.jpg,0505_1262772462.jpg,0390_2498171005.jpg,0082_376467394.jpg,0235_330818956.jpg,0494_2118590998.jpg,0057_36443540.jpg,0029_396245965.jpg,0305_2346049207.jpg,0412_64438599.jpg,0405_107725702.jpg,0360_303724875.jpg
0287_405657394.jpg,11,0343_454214634.jpg,0218_486672137.jpg,0244_124699637.jpg,0510_2478560287.jpg,0099_470519458.jpg,0276_230748653.jpg,0470_111122287.jpg,0048_71138082.jpg,0548_339760890.jpg,0327_35291888.jpg,0207_1552889790.jpg,0049_324201720.jpg,0028_470519612.jpg,0237_1512706224.jpg,0328_120155103.jpg,0054_108725456.jpg
0495_1513469374.jpg,2,0301_392237148.jpg,0535_2128340941.jpg,0240_378548586.jpg,0370_127145895.jpg,0211_828246144.jpg,0085_1433846907.jpg,0577_305016660.jpg,0028_387314722.jpg,0071_2363465757.jpg,0477_102516460.jpg,0057_337933791.jpg,0227_320536625.jpg,0414_261633213.jpg,0366_7100624.jpg,0239_2230673075.jpg,0097_2398565185.jpg
0244_1354952892.jpg,0,0368_2295419391.jpg,0383_1351575524.jpg,0591_484921062.jpg,0035_404597353.jpg,0027_2182667104.jpg,0022_298253000.jpg,0360_229174503.jpg,0460_271700056.jpg,0063_2206430814.jpg,0551_2083026365.jpg,0079_2284650359.jpg,0353_2692923748.jpg,0457_2130369898.jpg,0229_2130448120.jpg,0032_356445281.jpg,0062_2326238046.jpg
0285_293461351.jpg,4,0274_2060984650.jpg,0573_2386537657.jpg,0100_475531393.jpg,0211_2233188435.jpg,0566_317585307.jpg,0077_274703788.jpg,0463_2254468925.jpg,0530_1441852850.jpg,0639_786395980.jpg,0348_2483149392.jpg,0042_371432847.jpg,0521_1479083954.jpg,0089_467641296.jpg,0300_27275098.jpg,0079_2284650359.jpg,0572_511034331.jpg
0412_1596156259.jpg,0,0318_445157889.jpg,0237_1512706224.jpg,0012_1803230025.jpg,0257_2328560703.jpg,0207_1552889790.jpg,0441_2465695848.jpg,0409_892405077.jpg,0063_2206430814.jpg,0355_2327829496.jpg,0473_184442009.jpg,0059_2434669693.jpg,0548_339760890.jpg,0557_551498655.jpg,0346_2391768416.jpg,0094_2450852731.jpg,0484_2645182288.jpg
0412_1708925954.jpg,0,0276_230748653.jpg,0048_71138082.jpg,0343_454214634.jpg,0398_233584997.jpg,0510_2478560287.jpg,0218_486672137.jpg,0632_732142650.jpg,0244_124699637.jpg,0332_1443922592.jpg,0548_339760890.jpg,0352_2223629556.jpg,0328_120155103.jpg,0327_35291888.jpg,0049_324201720.jpg,0253_395091440.jpg,0099_470519458.jpg
0416_324580624.jpg,0,0060_2175139584.jpg,0352_1889948201.jpg,0341_2445461866.jpg,0552_727248657.jpg,0585_2692541077.jpg,0392_1854672540.jpg,0459_315698254.jpg,0011_2271948699.jpg,0519_2059182077.jpg,0388_535640476.jpg,0211_2148714622.jpg,0245_476011707.jpg,0014_307960000.jpg,0264_2263755522.jpg,0395_329569496.jpg,0357_957375104.jpg
0487_2266226183.jpg,1,0088_2050707490.jpg,0393_369299514.jpg,0334_65125348.jpg,0474_11093658.jpg,0038_1340478366.jpg,0237_2141311228.jpg,0482_460416306.jpg,0086_2706930229.jpg,0588_480140648.jpg,0316_368636145.jpg,0503_2572820548.jpg,0283_172088417.jpg,0089_363385992.jpg,0492_500779259.jpg,0516_2169132044.jpg,0076_67044764.jpg
0508_2506027355.jpg,0,0205_1594707791.jpg,0088_2050707490.jpg,0089_363385992.jpg,0334_65125348.jpg,0516_2169132044.jpg,0407_2309720791.jpg,0335_257999490.jpg,0553_1234547804.jpg,0488_1279855380.jpg,0639_786395980.jpg,0077_274703788.jpg,0446_1332200459.jpg,0210_2256877298.jpg,0030_2073953208.jpg,0035_1187049547.jpg,0308_1353876174.jpg
0575_454601837.jpg,1,0245_476011707.jpg,0458_1707223631.jpg,0529_200450910.jpg,0365_2100752433.jpg,0091_1027301852.jpg,0290_350164307.jpg,0585_2692541077.jpg,0011_2271948699.jpg,0314_275662646.jpg,0019_423862738.jpg,0238_304303625.jpg,0074_174892466.jpg,0357_957375104.jpg,0519_2059182077.jpg,0418_2494868748.jpg,0392_1854672540.jpg
0579_86434801.jpg,2,0219_330720892.jpg,0367_61524634.jpg,0331_27311428.jpg,0242_144135572.jpg,0211_2233188435.jpg,0209_5874489.jpg,0530_1441852850.jpg,0004_389068680.jpg,0352_1069120304.jpg,0296_8505313.jpg,0303_463501017.jpg,0077_274703788.jpg,0320_305644365.jpg,0323_299051887.jpg,0480_14047500.jpg,0095_77428448.jpg
0595_530662982.jpg,1,0263_216075894.jpg,0038_1340478366.jpg,0022_498609706.jpg,0036_215996371.jpg,0410_2344190178.jpg,0533_391279988.jpg,0029_2657866587.jpg,0241_175530397.jpg,0395_329569496.jpg,0061_2550836757.jpg,0031_2587518051.jpg,0402_332313976.jpg,0274_2060984650.jpg,0542_1908606063.jpg,0044_2351719475.jpg,0006_2202849133.jpg
0074_2369885678.jpg,4,0544_2582664183.jpg,0038_1340478366.jpg,0076_67044764.jpg,0492_500779259.jpg,0221_2334043538.jpg,0090_319623750.jpg,0440_462262106.jpg,0090_2078259391.jpg,0087_792012138.jpg,0446_1332200459.jpg,0455_235384615.jpg,0544_1750408159.jpg,0388_517456086.jpg,0338_1774674163.jpg,0204_255130101.jpg,0097_451053971.jpg
0079_2041541286.jpg,1,0298_2115133686.jpg,0505_204459358.jpg,0006_2202849133.jpg,0094_396718601.jpg,0250_1270849519.jpg,0403_158783218.jpg,0416_255758479.jpg,0201_219322197.jpg,0227_211411048.jpg,0311_380718096.jpg,0252_2122951539.jpg,0493_1195436405.jpg,0027_2182667104.jpg,0286_131634530.jpg,0038_1340478366.jpg,0201_131377774.jpg
0212_2322966658.jpg,5,0056_2576774243.jpg,0508_206409541.jpg,0084_2240602720.jpg,0256_11029110.jpg,0505_97938792.jpg,0469_2396306163.jpg,0201_2417333834.jpg,0056_2470782800.jpg,0338_1774674163.jpg,0097_451053971.jpg,0529_1949964974.jpg,0090_2078259391.jpg,0091_2114909246.jpg,0013_237187436.jpg,0320_1880774511.jpg,0402_145786038.jpg
0218_1255542538.jpg,4,0249_64279610.jpg,0548_373623319.jpg,0052_2327250885.jpg,0201_2417333834.jpg,0529_1949964974.jpg,0312_376416150.jpg,0510_1313183888.jpg,0056_2576774243.jpg,0320_1880774511.jpg,0347_1391307815.jpg,0386_363980744.jpg,0549_307392445.jpg,0009_6481762.jpg,0256_11029110.jpg,0351_2332302179.jpg,0402_145786038.jpg
0315_455800614.jpg,0,0579_507306459.jpg,0239_2502971377.jpg,0560_799781099.jpg,0094_396718601.jpg,0553_43027633.jpg,0250_1270849519.jpg,0027_2182667104.jpg,0493_1195436405.jpg,0299_280229223.jpg,0010_231649733.jpg,0053_439030260.jpg,0097_2423770091.jpg,0207_390392716.jpg,0022_43946201.jpg,0057_36443540.jpg,0071_2750499776.jpg
0330_2526534076.jpg,0,0019_423862738.jpg,0080_144432999.jpg,0008_1286063308.jpg,0380_679431538.jpg,0074_174892466.jpg,0531_512193684.jpg,0290_350164307.jpg,0458_1707223631.jpg,0015_3964311.jpg,0029_456416035.jpg,0529_200450910.jpg,0521_251683571.jpg,0091_1027301852.jpg,0022_106045396.jpg,0511_1328807936.jpg,0632_732142650.jpg
0374_54427461.jpg,0,0417_219718446.jpg,0041_378174827.jpg,0483_2230861211.jpg,0460_1218224594.jpg,0399_802243220.jpg,0051_1219375813.jpg,0405_26712965.jpg,0492_2172630521.jpg,0415_171808464.jpg,0006_389068675.jpg,0401_409764588.jpg,0552_131922555.jpg,0207_429034624.jpg,0051_1384283201.jpg,0347_309733153.jpg,0035_1295687064.jpg
0387_422533915.jpg,2,0298_112965978.jpg,0235_330818956.jpg,0082_376467394.jpg,0405_107725702.jpg,0565_471169878.jpg,0307_1342433369.jpg,0360_303724875.jpg,0238_322451288.jpg,0058_1059299865.jpg,0096_765599303.jpg,0494_450805275.jpg,0262_2171977499.jpg,0097_159739573.jpg,0528_396057596.jpg,0505_304910084.jpg,0087_421985660.jpg
0579_114604601.jpg,2,0032_356445281.jpg,0667_2179869418.jpg,0353_2692923748.jpg,0063_2206430814.jpg,0328_488636182.jpg,0516_2169132044.jpg,0281_2509246883.jpg,0368_2295419391.jpg,0022_298253000.jpg,0412_46922952.jpg,0244_415650547.jpg,0324_7154890.jpg,0077_274703788.jpg,0488_1279855380.jpg,0056_12246629.jpg,0334_65125348.jpg
0591_473919117.jpg,0,0348_127145034.jpg,0019_423862738.jpg,0033_1033877706.jpg,0085_2343760208.jpg,0106_2551436758.jpg,0511_1328807936.jpg,0008_1286063308.jpg,0099_304727032.jpg,0201_135021962.jpg,0031_308061158.jpg,0386_1197345701.jpg,0021_289473728.jpg,0380_679431538.jpg,0435_2431199132.jpg,0081_265794768.jpg,0440_462262106.jpg
